{"Chen_Maxin_Yujia": [[0.48591736816300934, ["CARRY ALONE", "CARRY TOGETHER", "NULL", "WALKING"], [[21, 0, 0, 3], [84, 212, 84, 43], [129, 68, 404, 256], [97, 40, 54, 517]], "16_P2"], [0.6902346858412849, ["CARRY ALONE", "CARRY TOGETHER", "NULL", "WALKING"], [[67, 19, 2, 9], [79, 345, 65, 27], [3, 34, 488, 51], [47, 52, 95, 539]], "16_P3"], [0.5968506061584792, ["CARRY ALONE", "CARRY TOGETHER", "NULL", "WALKING"], [[42, 0, 14, 24], [88, 166, 34, 118], [3, 1, 390, 32], [21, 50, 205, 736]], "16_P1"], [0.7236973319962309, ["CARRY ALONE", "CARRY TOGETHER", "NULL", "WALKING"], [[49, 28, 1, 45], [60, 361, 17, 29], [0, 26, 1089, 83], [13, 30, 59, 464]], "6_P3"], [0.6132418239337577, ["CARRY ALONE", "CARRY TOGETHER", "NULL", "WALKING"], [[29, 36, 2, 8], [85, 263, 38, 35], [3, 29, 718, 51], [53, 48, 309, 934]], "1_P2"], [0.6322624626316877, ["CARRY ALONE", "CARRY TOGETHER", "NULL", "WALKING"], [[18, 4, 7, 27], [52, 373, 73, 52], [2, 24, 911, 84], [9, 37, 307, 682]], "1_P3"], [0.5814311479759807, ["CARRY ALONE", "CARRY TOGETHER", "NULL", "WALKING"], [[9, 40, 9, 23], [78, 353, 29, 55], [2, 20, 1072, 66], [44, 90, 316, 760]], "1_P1"], [0.6169823066421505, ["CARRY ALONE", "CARRY TOGETHER", "NULL", "WALKING"], [[41, 14, 3, 13], [111, 180, 19, 37], [4, 56, 413, 145], [8, 23, 77, 635]], "5_P2"], [0.6763927120736194, ["CARRY ALONE", "CARRY TOGETHER", "NULL", "WALKING"], [[23, 3, 1, 20], [66, 254, 29, 23], [5, 20, 655, 105], [6, 19, 90, 502]], "5_P3"], [0.5979526111712835, ["CARRY ALONE", "CARRY TOGETHER", "NULL", "WALKING"], [[19, 30, 2, 4], [40, 182, 17, 50], [2, 22, 405, 64], [33, 37, 195, 601]], "5_P1"]], "Pramod_Sush_Tanay": [[0.5702069365356268, ["CARRY ALONE", "CARRY TOGETHER", "NULL", "WALKING"], [[52, 20, 11, 8], [118, 248, 54, 47], [26, 39, 1208, 132], [104, 44, 308, 481]], "11_P2"], [0.4819540249816438, ["CARRY ALONE", "CARRY TOGETHER", "NULL", "WALKING"], [[31, 8, 7, 3], [53, 290, 36, 8], [2, 62, 1370, 18], [376, 92, 452, 193]], "11_P1"], [0.5739379728782543, ["CARRY ALONE", "CARRY TOGETHER", "NULL", "WALKING"], [[5, 18, 3, 2], [16, 352, 69, 50], [0, 17, 1191, 81], [108, 53, 157, 329]], "4_P2"], [0.6153687966464637, ["CARRY ALONE", "CARRY TOGETHER", "NULL", "WALKING"], [[11, 40, 20, 8], [4, 253, 70, 10], [0, 24, 1092, 17], [6, 15, 288, 314]], "4_P3"], [0.5454045809052965, ["CARRY ALONE", "CARRY TOGETHER", "NULL", "WALKING"], [[52, 33, 5, 1], [8, 364, 25, 17], [0, 45, 1162, 15], [200, 111, 246, 103]], "4_P1"], [0.5400132386880336, ["CARRY ALONE", "CARRY TOGETHER", "NULL", "WALKING"], [[41, 36, 9, 3], [80, 350, 47, 28], [9, 24, 434, 39], [218, 74, 188, 312]], "15_P2"], [0.6483969286655591, ["CARRY ALONE", "CARRY TOGETHER", "NULL", "WALKING"], [[24, 4, 0, 0], [48, 391, 74, 17], [3, 12, 599, 60], [84, 26, 100, 330]], "15_P3"], [0.5788349893859515, ["CARRY ALONE", "CARRY TOGETHER", "NULL", "WALKING"], [[86, 20, 7, 0], [41, 275, 32, 17], [3, 33, 726, 42], [224, 71, 306, 273]], "15_P1"]], "Tushara_Vinay_Viny": [[0.6623817341361805, ["CARRY ALONE", "CARRY TOGETHER", "NULL", "WALKING"], [[17, 16, 12, 40], [30, 475, 62, 19], [0, 40, 1104, 31], [13, 30, 240, 518]], "9_P2"], [0.5707977605811996, ["CARRY ALONE", "CARRY TOGETHER", "NULL", "WALKING"], [[65, 9, 6, 4], [216, 157, 55, 37], [1, 18, 832, 70], [94, 26, 217, 565]], "9_P3"], [0.647086546569752, ["CARRY ALONE", "CARRY TOGETHER", "NULL", "WALKING"], [[37, 27, 4, 2], [46, 250, 47, 32], [24, 43, 1093, 57], [45, 44, 276, 682]], "9_P1"], [0.675403385439194, ["CARRY ALONE", "CARRY TOGETHER", "NULL", "WALKING"], [[30, 13, 8, 34], [1, 348, 88, 24], [0, 47, 1760, 96], [31, 20, 354, 530]], "3_P2"], [0.6457244227758877, ["CARRY ALONE", "CARRY TOGETHER", "NULL", "WALKING"], [[18, 67, 16, 21], [7, 300, 9, 9], [0, 75, 2124, 62], [27, 39, 239, 505]], "3_P1"], [0.5979648926853997, ["CARRY ALONE", "CARRY TOGETHER", "NULL", "WALKING"], [[47, 9, 12, 12], [77, 237, 66, 21], [0, 33, 810, 59], [83, 71, 309, 542]], "2_P3"], [0.5107569113484624, ["CARRY ALONE", "CARRY TOGETHER", "NULL", "WALKING"], [[0, 26, 9, 0], [27, 343, 125, 54], [2, 27, 949, 26], [92, 28, 378, 380]], "2_P1"], [0.6864046319321087, ["CARRY ALONE", "CARRY TOGETHER", "NULL", "WALKING"], [[99, 3, 2, 2], [71, 181, 58, 17], [6, 13, 858, 46], [78, 40, 282, 681]], "14_P3"], [0.6624502156988679, ["CARRY ALONE", "CARRY TOGETHER", "NULL", "WALKING"], [[81, 59, 17, 8], [80, 313, 108, 26], [0, 8, 941, 37], [39, 44, 254, 556]], "14_P1"]], "features": ["<norm>Right_Wrist|acc", "<norm>Left_Calf|acc"], "Ding_Xu_Yang": [[0.5458977077759501, ["CARRY ALONE", "CARRY TOGETHER", "NULL", "WALKING"], [[58, 9, 1, 13], [160, 264, 73, 52], [5, 65, 1054, 57], [272, 157, 221, 696]], "7_P3"], [0.5641492038498307, ["CARRY ALONE", "CARRY TOGETHER", "NULL", "WALKING"], [[77, 5, 3, 7], [105, 367, 59, 30], [6, 46, 1458, 41], [263, 232, 255, 398]], "7_P1"], [0.5037722130086661, ["CARRY ALONE", "CARRY TOGETHER", "NULL", "WALKING"], [[0, 0, 0, 0], [102, 230, 12, 51], [17, 40, 751, 77], [109, 89, 116, 274]], "10_P2"], [0.5970234034360379, ["CARRY ALONE", "CARRY TOGETHER", "NULL", "WALKING"], [[46, 33, 9, 7], [94, 258, 10, 12], [4, 35, 845, 53], [194, 106, 150, 528]], "10_P1"], [0.5896216660604496, ["CARRY ALONE", "CARRY TOGETHER", "NULL", "WALKING"], [[42, 0, 2, 33], [140, 191, 22, 65], [10, 34, 762, 122], [121, 47, 81, 669]], "8_P2"], [0.46639327359211, ["CARRY ALONE", "CARRY TOGETHER", "NULL", "WALKING"], [[37, 0, 3, 7], [378, 90, 67, 33], [2, 44, 831, 70], [167, 101, 150, 594]], "8_P3"], [0.45247299691798254, ["CARRY ALONE", "CARRY TOGETHER", "NULL", "WALKING"], [[38, 20, 46, 20], [18, 188, 134, 61], [30, 98, 706, 296], [40, 81, 392, 353]], "8_P1"], [0.5609198467756578, ["CARRY ALONE", "CARRY TOGETHER", "NULL", "WALKING"], [[16, 4, 3, 35], [96, 200, 18, 95], [2, 42, 1875, 56], [103, 76, 300, 710]], "13_P2"], [0.5224864090454588, ["CARRY ALONE", "CARRY TOGETHER", "NULL", "WALKING"], [[0, 0, 0, 0], [82, 134, 21, 18], [0, 7, 131, 20], [121, 42, 36, 306]], "13_P3"], [0.7105285084131995, ["CARRY ALONE", "CARRY TOGETHER", "NULL", "WALKING"], [[81, 13, 18, 74], [17, 258, 34, 49], [0, 78, 1629, 124], [48, 34, 141, 769]], "13_P1"]]}