{"Chen_Maxin_Yujia": [[0.5072369745090026, ["CARRY ALONE", "CARRY TOGETHER", "NULL", "WALKING"], [[7, 7, 0, 10], [39, 252, 77, 55], [17, 71, 356, 413], [12, 31, 23, 642]], "16_P2"], [0.714495359608591, ["CARRY ALONE", "CARRY TOGETHER", "NULL", "WALKING"], [[67, 25, 1, 4], [41, 400, 66, 9], [4, 43, 499, 30], [62, 65, 95, 511]], "16_P3"], [0.666318959239095, ["CARRY ALONE", "CARRY TOGETHER", "NULL", "WALKING"], [[43, 18, 17, 2], [66, 263, 42, 35], [4, 2, 381, 39], [45, 38, 153, 776]], "16_P1"], [0.8111355629679777, ["CARRY ALONE", "CARRY TOGETHER", "NULL", "WALKING"], [[72, 40, 1, 10], [18, 417, 23, 9], [0, 26, 1084, 88], [16, 28, 37, 485]], "6_P3"], [0.6204015213802931, ["CARRY ALONE", "CARRY TOGETHER", "NULL", "WALKING"], [[7, 56, 7, 5], [6, 348, 39, 28], [2, 38, 708, 53], [14, 84, 243, 1003]], "1_P2"], [0.6764892538983304, ["CARRY ALONE", "CARRY TOGETHER", "NULL", "WALKING"], [[22, 16, 6, 12], [22, 424, 80, 24], [0, 36, 935, 50], [17, 43, 313, 662]], "1_P3"], [0.6672101682712741, ["CARRY ALONE", "CARRY TOGETHER", "NULL", "WALKING"], [[16, 42, 10, 13], [17, 438, 37, 23], [0, 24, 1063, 73], [28, 87, 220, 875]], "1_P1"], [0.6582644072464081, ["CARRY ALONE", "CARRY TOGETHER", "NULL", "WALKING"], [[31, 26, 3, 11], [61, 243, 16, 27], [1, 53, 359, 205], [0, 6, 30, 707]], "5_P2"], [0.7590519583570818, ["CARRY ALONE", "CARRY TOGETHER", "NULL", "WALKING"], [[35, 5, 2, 5], [22, 305, 26, 19], [5, 16, 653, 111], [25, 11, 74, 507]], "5_P3"], [0.6144314885301627, ["CARRY ALONE", "CARRY TOGETHER", "NULL", "WALKING"], [[10, 38, 2, 5], [17, 230, 23, 19], [2, 25, 396, 70], [44, 46, 126, 650]], "5_P1"]], "Pramod_Sush_Tanay": [[0.5781680082284535, ["CARRY ALONE", "CARRY TOGETHER", "NULL", "WALKING"], [[50, 26, 14, 1], [47, 343, 66, 11], [70, 36, 1213, 86], [214, 51, 285, 387]], "11_P2"], [0.47256426336402213, ["CARRY ALONE", "CARRY TOGETHER", "NULL", "WALKING"], [[22, 21, 6, 0], [20, 323, 35, 9], [5, 68, 1355, 24], [283, 191, 439, 200]], "11_P1"], [0.6645043515531319, ["CARRY ALONE", "CARRY TOGETHER", "NULL", "WALKING"], [[23, 0, 3, 2], [63, 320, 61, 43], [3, 19, 1137, 130], [72, 1, 76, 498]], "4_P2"], [0.6996738454225162, ["CARRY ALONE", "CARRY TOGETHER", "NULL", "WALKING"], [[30, 18, 9, 22], [30, 222, 71, 14], [1, 27, 1060, 45], [4, 8, 157, 454]], "4_P3"], [0.7804851097088306, ["CARRY ALONE", "CARRY TOGETHER", "NULL", "WALKING"], [[56, 24, 4, 7], [9, 342, 15, 48], [0, 39, 1149, 34], [12, 36, 159, 453]], "4_P1"], [0.587629644838606, ["CARRY ALONE", "CARRY TOGETHER", "NULL", "WALKING"], [[54, 7, 10, 18], [166, 206, 39, 94], [6, 24, 416, 60], [71, 32, 98, 591]], "15_P2"], [0.6519860101862035, ["CARRY ALONE", "CARRY TOGETHER", "NULL", "WALKING"], [[25, 3, 0, 0], [143, 298, 67, 22], [0, 10, 560, 104], [28, 1, 32, 479]], "15_P3"], [0.6639032470196993, ["CARRY ALONE", "CARRY TOGETHER", "NULL", "WALKING"], [[67, 21, 7, 18], [44, 269, 27, 25], [0, 38, 693, 73], [102, 37, 196, 539]], "15_P1"]], "Tushara_Vinay_Viny": [[0.6311208607450041, ["CARRY ALONE", "CARRY TOGETHER", "NULL", "WALKING"], [[28, 35, 12, 10], [43, 409, 58, 76], [2, 40, 1120, 13], [48, 50, 253, 450]], "9_P2"], [0.6112930874669671, ["CARRY ALONE", "CARRY TOGETHER", "NULL", "WALKING"], [[68, 8, 5, 3], [165, 229, 59, 12], [3, 22, 844, 52], [122, 23, 230, 527]], "9_P3"], [0.5908780107826985, ["CARRY ALONE", "CARRY TOGETHER", "NULL", "WALKING"], [[49, 15, 4, 2], [22, 277, 51, 25], [14, 73, 1103, 27], [211, 73, 302, 461]], "9_P1"], [0.6474822261366929, ["CARRY ALONE", "CARRY TOGETHER", "NULL", "WALKING"], [[54, 0, 7, 24], [70, 209, 85, 97], [4, 35, 1725, 139], [48, 7, 218, 662]], "3_P2"], [0.7184823968892046, ["CARRY ALONE", "CARRY TOGETHER", "NULL", "WALKING"], [[59, 25, 16, 22], [9, 285, 8, 23], [6, 70, 2081, 104], [64, 32, 165, 549]], "3_P1"], [0.6062277542829848, ["CARRY ALONE", "CARRY TOGETHER", "NULL", "WALKING"], [[48, 7, 1, 24], [116, 197, 71, 17], [2, 17, 806, 77], [91, 20, 247, 647]], "2_P3"], [0.5955779719124822, ["CARRY ALONE", "CARRY TOGETHER", "NULL", "WALKING"], [[19, 7, 9, 0], [66, 275, 105, 103], [4, 27, 934, 39], [36, 17, 264, 561]], "2_P1"], [0.6046861831210757, ["CARRY ALONE", "CARRY TOGETHER", "NULL", "WALKING"], [[97, 0, 0, 9], [95, 71, 46, 115], [4, 10, 842, 67], [84, 15, 218, 764]], "14_P3"], [0.6412538217143094, ["CARRY ALONE", "CARRY TOGETHER", "NULL", "WALKING"], [[116, 31, 15, 3], [91, 270, 128, 38], [4, 9, 942, 31], [145, 37, 216, 495]], "14_P1"]], "features": ["<minmax>Right_Wrist|Charge", "<norm>Right_Wrist|acc", "<norm>Left_Calf|acc"], "Ding_Xu_Yang": [[0.5823250177348887, ["CARRY ALONE", "CARRY TOGETHER", "NULL", "WALKING"], [[56, 13, 1, 11], [114, 325, 78, 32], [3, 62, 1066, 50], [189, 227, 193, 737]], "7_P3"], [0.6683472213982857, ["CARRY ALONE", "CARRY TOGETHER", "NULL", "WALKING"], [[85, 1, 3, 3], [88, 396, 50, 27], [8, 34, 1422, 87], [202, 110, 152, 684]], "7_P1"], [0.5153408428376297, ["CARRY ALONE", "CARRY TOGETHER", "NULL", "WALKING"], [[0, 0, 0, 0], [89, 265, 18, 23], [9, 54, 760, 62], [92, 113, 117, 266]], "10_P2"], [0.6781791117295439, ["CARRY ALONE", "CARRY TOGETHER", "NULL", "WALKING"], [[55, 24, 8, 8], [18, 343, 7, 6], [5, 38, 837, 57], [188, 77, 114, 599]], "10_P1"], [0.6648032920606096, ["CARRY ALONE", "CARRY TOGETHER", "NULL", "WALKING"], [[56, 4, 2, 15], [85, 276, 21, 36], [2, 40, 777, 109], [95, 75, 80, 668]], "8_P2"], [0.5665005097392332, ["CARRY ALONE", "CARRY TOGETHER", "NULL", "WALKING"], [[39, 1, 5, 2], [230, 220, 66, 52], [5, 50, 828, 64], [59, 118, 135, 700]], "8_P3"], [0.47672331705276955, ["CARRY ALONE", "CARRY TOGETHER", "NULL", "WALKING"], [[41, 17, 48, 18], [5, 202, 142, 52], [19, 103, 677, 331], [44, 68, 364, 390]], "8_P1"], [0.5952147680909453, ["CARRY ALONE", "CARRY TOGETHER", "NULL", "WALKING"], [[30, 6, 4, 18], [129, 165, 16, 99], [5, 44, 1836, 90], [43, 54, 230, 862]], "13_P2"], [0.603807632269555, ["CARRY ALONE", "CARRY TOGETHER", "NULL", "WALKING"], [[0, 0, 0, 0], [30, 187, 16, 22], [1, 9, 121, 27], [14, 26, 28, 437]], "13_P3"], [0.6786877994584284, ["CARRY ALONE", "CARRY TOGETHER", "NULL", "WALKING"], [[35, 26, 11, 114], [12, 280, 34, 32], [1, 79, 1596, 155], [0, 36, 92, 864]], "13_P1"]]}