{"Chen_Maxin_Yujia": [[0.37374751319117827, ["CARRY ALONE", "CARRY TOGETHER", "NULL", "WALKING"], [[24, 0, 0, 0], [117, 193, 99, 14], [214, 80, 480, 83], [424, 64, 81, 139]], "16_P2"], [0.5215808165794608, ["CARRY ALONE", "CARRY TOGETHER", "NULL", "WALKING"], [[58, 22, 3, 14], [88, 313, 71, 44], [0, 30, 511, 35], [232, 151, 119, 231]], "16_P3"], [0.5524552311460932, ["CARRY ALONE", "CARRY TOGETHER", "NULL", "WALKING"], [[30, 20, 15, 15], [39, 177, 49, 141], [0, 4, 404, 18], [23, 134, 249, 606]], "16_P1"], [0.6314379044637709, ["CARRY ALONE", "CARRY TOGETHER", "NULL", "WALKING"], [[44, 24, 1, 54], [100, 297, 18, 52], [1, 24, 1122, 51], [106, 41, 63, 356]], "6_P3"], [0.46896014983747536, ["CARRY ALONE", "CARRY TOGETHER", "NULL", "WALKING"], [[26, 33, 5, 11], [125, 158, 52, 86], [5, 18, 738, 40], [155, 166, 388, 635]], "1_P2"], [0.49050018985218913, ["CARRY ALONE", "CARRY TOGETHER", "NULL", "WALKING"], [[12, 0, 7, 37], [43, 289, 79, 139], [0, 41, 931, 49], [159, 85, 370, 421]], "1_P3"], [0.48274257517507285, ["CARRY ALONE", "CARRY TOGETHER", "NULL", "WALKING"], [[6, 30, 10, 35], [62, 256, 40, 157], [0, 16, 1097, 47], [90, 169, 400, 551]], "1_P1"], [0.4427360032944882, ["CARRY ALONE", "CARRY TOGETHER", "NULL", "WALKING"], [[32, 31, 5, 3], [160, 150, 23, 14], [11, 70, 473, 64], [225, 137, 125, 256]], "5_P2"], [0.5841029729101167, ["CARRY ALONE", "CARRY TOGETHER", "NULL", "WALKING"], [[21, 11, 1, 14], [66, 218, 37, 51], [3, 33, 710, 39], [68, 73, 123, 353]], "5_P3"], [0.49099577550652934, ["CARRY ALONE", "CARRY TOGETHER", "NULL", "WALKING"], [[10, 39, 2, 4], [32, 142, 23, 92], [2, 19, 437, 35], [53, 128, 225, 460]], "5_P1"]], "Pramod_Sush_Tanay": [[0.5120031296369809, ["CARRY ALONE", "CARRY TOGETHER", "NULL", "WALKING"], [[35, 21, 9, 26], [87, 220, 63, 97], [26, 25, 1245, 109], [141, 82, 319, 395]], "11_P2"], [0.45993221750256513, ["CARRY ALONE", "CARRY TOGETHER", "NULL", "WALKING"], [[24, 18, 7, 0], [43, 289, 43, 12], [5, 38, 1378, 31], [368, 110, 481, 154]], "11_P1"], [0.5380820924267863, ["CARRY ALONE", "CARRY TOGETHER", "NULL", "WALKING"], [[8, 9, 3, 8], [16, 303, 91, 77], [0, 22, 1218, 49], [115, 84, 180, 268]], "4_P2"], [0.5009367081363747, ["CARRY ALONE", "CARRY TOGETHER", "NULL", "WALKING"], [[12, 43, 19, 5], [1, 235, 76, 25], [0, 19, 1104, 10], [34, 103, 345, 141]], "4_P3"], [0.5679617927054786, ["CARRY ALONE", "CARRY TOGETHER", "NULL", "WALKING"], [[49, 32, 6, 4], [36, 333, 34, 11], [0, 18, 1184, 20], [184, 74, 251, 151]], "4_P1"], [0.5059699739758833, ["CARRY ALONE", "CARRY TOGETHER", "NULL", "WALKING"], [[51, 19, 10, 9], [73, 352, 61, 19], [3, 24, 453, 26], [205, 180, 200, 207]], "15_P2"], [0.5583034157123703, ["CARRY ALONE", "CARRY TOGETHER", "NULL", "WALKING"], [[28, 0, 0, 0], [45, 361, 82, 42], [15, 25, 607, 27], [171, 44, 135, 190]], "15_P3"], [0.5002692901488069, ["CARRY ALONE", "CARRY TOGETHER", "NULL", "WALKING"], [[65, 36, 7, 5], [53, 260, 43, 9], [4, 28, 741, 31], [318, 68, 322, 166]], "15_P1"]], "Tushara_Vinay_Viny": [[0.5484520612835463, ["CARRY ALONE", "CARRY TOGETHER", "NULL", "WALKING"], [[5, 46, 12, 22], [19, 360, 62, 145], [0, 22, 1118, 35], [11, 72, 284, 434]], "9_P2"], [0.4111498672857101, ["CARRY ALONE", "CARRY TOGETHER", "NULL", "WALKING"], [[54, 8, 4, 18], [191, 79, 61, 134], [0, 15, 838, 68], [308, 45, 258, 291]], "9_P3"], [0.6409656410489232, ["CARRY ALONE", "CARRY TOGETHER", "NULL", "WALKING"], [[36, 8, 5, 21], [9, 280, 50, 36], [0, 63, 1104, 50], [83, 71, 306, 587]], "9_P1"], [0.48853550577633614, ["CARRY ALONE", "CARRY TOGETHER", "NULL", "WALKING"], [[5, 30, 10, 40], [14, 193, 100, 154], [0, 32, 1818, 53], [11, 94, 402, 428]], "3_P2"], [0.5537952553285916, ["CARRY ALONE", "CARRY TOGETHER", "NULL", "WALKING"], [[10, 45, 17, 50], [7, 270, 12, 36], [0, 58, 2153, 50], [31, 158, 261, 360]], "3_P1"], [0.46454362462070153, ["CARRY ALONE", "CARRY TOGETHER", "NULL", "WALKING"], [[45, 5, 9, 21], [116, 47, 68, 170], [0, 20, 831, 51], [90, 37, 317, 561]], "2_P3"], [0.3758930355358927, ["CARRY ALONE", "CARRY TOGETHER", "NULL", "WALKING"], [[0, 26, 9, 0], [14, 324, 150, 61], [1, 27, 967, 9], [78, 274, 418, 108]], "2_P1"], [0.49950371927557335, ["CARRY ALONE", "CARRY TOGETHER", "NULL", "WALKING"], [[84, 13, 2, 7], [41, 88, 62, 136], [0, 12, 883, 28], [271, 43, 347, 420]], "14_P3"], [0.4908919257220816, ["CARRY ALONE", "CARRY TOGETHER", "NULL", "WALKING"], [[36, 101, 19, 9], [11, 353, 136, 27], [0, 13, 958, 15], [92, 253, 332, 216]], "14_P1"]], "features": ["<norm>Left_Calf|acc"], "Ding_Xu_Yang": [[0.4470409066718729, ["CARRY ALONE", "CARRY TOGETHER", "NULL", "WALKING"], [[43, 9, 1, 28], [190, 133, 81, 145], [0, 66, 1059, 56], [356, 157, 245, 588]], "7_P3"], [0.4825342748294813, ["CARRY ALONE", "CARRY TOGETHER", "NULL", "WALKING"], [[73, 9, 4, 6], [162, 282, 65, 52], [2, 36, 1466, 47], [300, 292, 289, 267]], "7_P1"], [0.4638089957216946, ["CARRY ALONE", "CARRY TOGETHER", "NULL", "WALKING"], [[0, 0, 0, 0], [92, 124, 18, 161], [8, 29, 766, 82], [76, 53, 116, 343]], "10_P2"], [0.5548926688728544, ["CARRY ALONE", "CARRY TOGETHER", "NULL", "WALKING"], [[34, 24, 9, 28], [98, 208, 13, 55], [0, 20, 864, 53], [256, 71, 161, 490]], "10_P1"], [0.5231363489984497, ["CARRY ALONE", "CARRY TOGETHER", "NULL", "WALKING"], [[42, 5, 1, 29], [168, 128, 28, 94], [4, 28, 794, 102], [158, 96, 94, 570]], "8_P2"], [0.42032506765602184, ["CARRY ALONE", "CARRY TOGETHER", "NULL", "WALKING"], [[26, 4, 1, 16], [259, 53, 55, 201], [0, 35, 843, 69], [192, 92, 167, 561]], "8_P3"], [0.34986809495358207, ["CARRY ALONE", "CARRY TOGETHER", "NULL", "WALKING"], [[48, 14, 46, 16], [50, 184, 150, 17], [90, 170, 742, 128], [157, 167, 424, 118]], "8_P1"], [0.5151385075571977, ["CARRY ALONE", "CARRY TOGETHER", "NULL", "WALKING"], [[12, 9, 4, 33], [93, 148, 26, 142], [0, 34, 1884, 57], [114, 92, 303, 680]], "13_P2"], [0.4369881484939442, ["CARRY ALONE", "CARRY TOGETHER", "NULL", "WALKING"], [[0, 0, 0, 0], [30, 44, 20, 161], [0, 5, 130, 23], [52, 27, 35, 391]], "13_P3"], [0.6306638260914227, ["CARRY ALONE", "CARRY TOGETHER", "NULL", "WALKING"], [[79, 10, 16, 81], [13, 194, 33, 118], [0, 79, 1641, 111], [97, 83, 153, 659]], "13_P1"]]}