{"Chen_Maxin_Yujia": [[0.6824373554180657, ["CARRY TOGETHER", "NULL"], [[97, 59], [183, 1390]], "16_P1&P2"], [0.6441781739771336, ["CARRY TOGETHER", "NULL"], [[128, 69], [333, 1795]], "1_P1&P2"], [0.5657795461321038, ["CARRY TOGETHER", "NULL"], [[50, 71], [240, 1236]], "5_P1&P2"], [0.5588413042431699, ["CARRY TOGETHER", "NULL"], [[156, 41], [530, 926]], "16_P1&P3"], [0.6213668986916715, ["CARRY TOGETHER", "NULL"], [[178, 59], [492, 1564]], "6_P1&P3"], [0.5456803616109236, ["CARRY TOGETHER", "NULL"], [[159, 152], [572, 1331]], "1_P1&P3"], [0.6130027867590756, ["CARRY TOGETHER", "NULL"], [[116, 27], [354, 1059]], "5_P1&P3"], [0.572904916665736, ["CARRY TOGETHER", "NULL"], [[131, 118], [402, 1114]], "16_P2&P3"], [0.51091466874734, ["CARRY TOGETHER", "NULL"], [[74, 137], [457, 1375]], "1_P2&P3"], [0.6684565560908667, ["CARRY TOGETHER", "NULL"], [[146, 66], [269, 1133]], "5_P2&P3"]], "Pramod_Sush_Tanay": [[0.5349006140834918, ["CARRY TOGETHER", "NULL"], [[140, 40], [742, 1626]], "11_P1&P2"], [0.7420704708185439, ["CARRY TOGETHER", "NULL"], [[152, 65], [172, 1405]], "4_P1&P2"], [0.7056341861731084, ["CARRY TOGETHER", "NULL"], [[95, 73], [133, 1400]], "15_P1&P2"], [0.6341669628973844, ["CARRY TOGETHER", "NULL"], [[94, 32], [273, 1197]], "4_P1&P3"], [0.7048351850948112, ["CARRY TOGETHER", "NULL"], [[143, 49], [223, 1186]], "15_P1&P3"], [0.7425731675860481, ["CARRY TOGETHER", "NULL"], [[156, 48], [187, 1261]], "4_P2&P3"], [0.7736949363033132, ["CARRY TOGETHER", "NULL"], [[208, 114], [115, 1059]], "15_P2&P3"]], "Tushara_Vinay_Viny": [[0.5306366371870657, ["CARRY TOGETHER", "NULL"], [[153, 74], [732, 1481]], "9_P1&P2"], [0.6269752503877214, ["CARRY TOGETHER", "NULL"], [[134, 30], [457, 2167]], "3_P1&P2"], [0.6252241482367006, ["CARRY TOGETHER", "NULL"], [[141, 136], [299, 1305]], "2_P1&P2"], [0.49860354812221785, ["CARRY TOGETHER", "NULL"], [[86, 47], [645, 1368]], "9_P1&P3"], [0.6926914478366197, ["CARRY TOGETHER", "NULL"], [[163, 98], [244, 1495]], "2_P1&P3"], [0.5237713764250951, ["CARRY TOGETHER", "NULL"], [[52, 120], [342, 1465]], "14_P1&P3"], [0.6855413174583134, ["CARRY TOGETHER", "NULL"], [[247, 55], [419, 1465]], "9_P2&P3"], [0.625602964156049, ["CARRY TOGETHER", "NULL"], [[128, 6], [389, 1193]], "2_P2&P3"]], "features": ["<P1><minmax>Right_Wrist|Charge", "<P2><minmax>Right_Wrist|Charge"], "Ding_Xu_Yang": [[0.5977138439799898, ["CARRY TOGETHER", "NULL"], [[158, 7], [442, 807]], "10_P1&P2"], [0.4412457968491119, ["CARRY TOGETHER", "NULL"], [[35, 18], [649, 1236]], "8_P1&P2"], [0.5623133477020676, ["CARRY TOGETHER", "NULL"], [[68, 50], [437, 2356]], "13_P1&P2"], [0.5693515279179917, ["CARRY TOGETHER", "NULL"], [[249, 52], [849, 1623]], "7_P1&P3"], [0.6014190867204702, ["CARRY TOGETHER", "NULL"], [[120, 49], [420, 1494]], "8_P1&P3"], [0.5251388177068013, ["CARRY TOGETHER", "NULL"], [[35, 26], [193, 461]], "13_P1&P3"], [0.5552489222244048, ["CARRY TOGETHER", "NULL"], [[158, 123], [543, 1243]], "8_P2&P3"], [0.7674707946985175, ["CARRY TOGETHER", "NULL"], [[122, 26], [108, 539]], "13_P2&P3"]]}