{"Chen_Maxin_Yujia": [[0.47180333441331235, ["CARRY TOGETHER", "DROP", "LIFT", "NULL"], [[118, 2, 16, 25], [0, 20, 32, 7], [0, 0, 0, 4], [100, 34, 67, 1304]], "16_P1&P2"], [0.4514732142857143, ["CARRY TOGETHER", "DROP", "LIFT", "NULL"], [[180, 3, 9, 7], [3, 21, 18, 2], [0, 1, 25, 5], [368, 123, 97, 1463]], "1_P1&P2"], [0.4810961313730927, ["CARRY TOGETHER", "DROP", "LIFT", "NULL"], [[112, 0, 2, 13], [13, 15, 27, 26], [0, 0, 25, 9], [191, 68, 44, 1052]], "5_P1&P2"], [0.5248297501308059, ["CARRY TOGETHER", "DROP", "LIFT", "NULL"], [[195, 1, 5, 4], [4, 23, 21, 26], [1, 19, 30, 12], [274, 63, 18, 957]], "16_P1&P3"], [0.49114161405697837, ["CARRY TOGETHER", "DROP", "LIFT", "NULL"], [[278, 8, 7, 22], [15, 19, 16, 7], [8, 1, 30, 8], [256, 211, 58, 1270]], "1_P1&P3"], [0.46952467434739587, ["CARRY TOGETHER", "DROP", "LIFT", "NULL"], [[132, 0, 0, 14], [4, 22, 23, 10], [2, 0, 16, 5], [203, 136, 41, 948]], "5_P1&P3"], [0.3417993831312265, ["CARRY TOGETHER", "DROP", "LIFT", "NULL"], [[198, 14, 5, 34], [4, 0, 24, 7], [0, 11, 6, 1], [330, 66, 99, 966]], "16_P2&P3"], [0.3523295824920972, ["CARRY TOGETHER", "DROP", "LIFT", "NULL"], [[186, 13, 5, 10], [12, 13, 21, 9], [1, 15, 11, 3], [382, 229, 107, 1026]], "1_P2&P3"], [0.5103897593811145, ["CARRY TOGETHER", "DROP", "LIFT", "NULL"], [[197, 1, 12, 8], [17, 28, 42, 23], [0, 21, 34, 20], [176, 86, 43, 906]], "5_P2&P3"]], "Pramod_Sush_Tanay": [[0.3609472592664621, ["CARRY TOGETHER", "DROP", "LIFT", "NULL"], [[172, 5, 0, 9], [28, 54, 13, 4], [4, 35, 4, 20], [410, 423, 15, 1352]], "11_P1&P2"], [0.5198521965859073, ["CARRY TOGETHER", "DROP", "LIFT", "NULL"], [[198, 0, 7, 15], [8, 10, 24, 20], [0, 0, 29, 9], [124, 196, 35, 1119]], "4_P1&P2"], [0.5714977168794763, ["CARRY TOGETHER", "DROP", "LIFT", "NULL"], [[158, 0, 2, 8], [9, 32, 9, 12], [0, 1, 15, 6], [233, 84, 11, 1121]], "15_P1&P2"], [0.5471579208171552, ["CARRY TOGETHER", "DROP", "LIFT", "NULL"], [[110, 8, 2, 7], [16, 20, 0, 10], [2, 0, 12, 12], [172, 124, 0, 1101]], "4_P1&P3"], [0.5140537131848628, ["CARRY TOGETHER", "DROP", "LIFT", "NULL"], [[178, 0, 2, 14], [12, 20, 1, 17], [2, 14, 13, 13], [226, 71, 13, 1005]], "15_P1&P3"], [0.4325613556526817, ["CARRY TOGETHER", "DROP", "LIFT", "NULL"], [[155, 20, 1, 29], [3, 36, 13, 13], [0, 26, 0, 14], [103, 179, 39, 1021]], "4_P2&P3"], [0.6168199856748999, ["CARRY TOGETHER", "DROP", "LIFT", "NULL"], [[238, 7, 8, 77], [5, 44, 21, 22], [4, 9, 29, 14], [131, 34, 10, 843]], "15_P2&P3"]], "Tushara_Vinay_Viny": [[0.46837400990248235, ["CARRY TOGETHER", "DROP", "LIFT", "NULL"], [[195, 20, 3, 18], [17, 87, 16, 12], [6, 85, 28, 8], [291, 330, 19, 1305]], "9_P1&P2"], [0.526410546101405, ["CARRY TOGETHER", "DROP", "LIFT", "NULL"], [[148, 0, 0, 19], [5, 62, 3, 33], [1, 18, 32, 41], [191, 246, 47, 1942]], "3_P1&P2"], [0.37785897397824636, ["CARRY TOGETHER", "DROP", "LIFT", "NULL"], [[110, 6, 0, 18], [0, 39, 16, 16], [0, 17, 7, 16], [333, 261, 35, 1272]], "9_P1&P3"], [0.5611589817929341, ["CARRY TOGETHER", "DROP", "LIFT", "NULL"], [[172, 6, 16, 68], [9, 57, 8, 36], [1, 5, 51, 33], [157, 106, 70, 1205]], "2_P1&P3"], [0.4085771931313099, ["CARRY TOGETHER", "DROP", "LIFT", "NULL"], [[102, 12, 4, 56], [3, 22, 12, 24], [2, 30, 8, 17], [138, 162, 39, 1348]], "14_P1&P3"], [0.5071458733089707, ["CARRY TOGETHER", "DROP", "LIFT", "NULL"], [[289, 5, 7, 6], [13, 41, 40, 9], [3, 47, 23, 10], [144, 270, 33, 1246]], "9_P2&P3"]], "features": ["<P1><minmax>Right_Wrist|Charge", "<P1><norm>Right_Wrist|acc", "<P2><minmax>Right_Wrist|Charge", "<P2><norm>Right_Wrist|acc", "<P1><norm>Left_Calf|acc", "<P2><norm>Left_Calf|acc"], "Ding_Xu_Yang": [[0.4103812463577785, ["CARRY TOGETHER", "DROP", "LIFT", "NULL"], [[161, 4, 1, 3], [3, 5, 0, 11], [7, 17, 8, 7], [215, 139, 29, 804]], "10_P1&P2"], [0.2331469733405173, ["CARRY TOGETHER", "DROP", "LIFT", "NULL"], [[53, 0, 0, 0], [0, 0, 0, 0], [0, 0, 0, 0], [420, 329, 50, 1086]], "8_P1&P2"], [0.4033564592220856, ["CARRY TOGETHER", "DROP", "LIFT", "NULL"], [[91, 9, 0, 20], [5, 35, 5, 12], [1, 34, 1, 7], [147, 270, 10, 2264]], "13_P1&P2"], [0.49698451379981134, ["CARRY TOGETHER", "DROP", "LIFT", "NULL"], [[286, 5, 2, 14], [16, 104, 5, 20], [9, 23, 11, 5], [400, 297, 19, 1557]], "7_P1&P3"], [0.39000683494095956, ["CARRY TOGETHER", "DROP", "LIFT", "NULL"], [[164, 4, 0, 1], [0, 4, 1, 0], [0, 2, 4, 0], [292, 247, 33, 1331]], "8_P1&P3"], [0.4938850322737791, ["CARRY TOGETHER", "DROP", "LIFT", "NULL"], [[45, 0, 1, 16], [0, 9, 0, 11], [0, 0, 2, 8], [118, 5, 8, 492]], "13_P1&P3"], [0.4067176738674787, ["CARRY TOGETHER", "DROP", "LIFT", "NULL"], [[246, 10, 7, 25], [8, 9, 12, 14], [4, 57, 21, 2], [330, 210, 51, 1061]], "8_P2&P3"], [0.6142247937934496, ["CARRY TOGETHER", "DROP", "LIFT", "NULL"], [[140, 0, 3, 7], [7, 2, 0, 6], [1, 0, 10, 4], [47, 40, 2, 526]], "13_P2&P3"]]}