{"Chen_Maxin_Yujia": [[0.37967148055979266, ["CARRY TOGETHER", "DROP", "LIFT", "NULL"], [[102, 9, 4, 46], [0, 31, 19, 9], [0, 0, 0, 4], [264, 95, 77, 1069]], "16_P1&P2"], [0.36853622496796956, ["CARRY TOGETHER", "DROP", "LIFT", "NULL"], [[145, 13, 1, 40], [3, 29, 0, 12], [0, 0, 30, 1], [481, 418, 111, 1041]], "1_P1&P2"], [0.3877624932748458, ["CARRY TOGETHER", "DROP", "LIFT", "NULL"], [[82, 13, 0, 32], [3, 38, 0, 40], [2, 2, 6, 24], [330, 67, 68, 890]], "5_P1&P2"], [0.27516537757449333, ["CARRY TOGETHER", "DROP", "LIFT", "NULL"], [[177, 16, 5, 7], [11, 49, 1, 13], [0, 50, 5, 7], [664, 206, 61, 381]], "16_P1&P3"], [0.23699239300857047, ["CARRY TOGETHER", "DROP", "LIFT", "NULL"], [[196, 25, 0, 17], [5, 28, 0, 8], [1, 55, 5, 11], [592, 746, 59, 545]], "6_P1&P3"], [0.28170061268650043, ["CARRY TOGETHER", "DROP", "LIFT", "NULL"], [[212, 41, 5, 57], [12, 34, 4, 7], [0, 18, 18, 11], [725, 468, 75, 527]], "1_P1&P3"], [0.33153611851284237, ["CARRY TOGETHER", "DROP", "LIFT", "NULL"], [[135, 2, 0, 9], [3, 39, 7, 10], [0, 3, 10, 10], [434, 227, 111, 556]], "5_P1&P3"], [0.2648622066246511, ["CARRY TOGETHER", "DROP", "LIFT", "NULL"], [[151, 53, 5, 42], [6, 15, 12, 2], [0, 16, 2, 0], [521, 113, 200, 627]], "16_P2&P3"], [0.21660425174865713, ["CARRY TOGETHER", "DROP", "LIFT", "NULL"], [[102, 51, 3, 58], [3, 23, 11, 18], [0, 15, 10, 5], [581, 346, 243, 574]], "1_P2&P3"], [0.3959826183686159, ["CARRY TOGETHER", "DROP", "LIFT", "NULL"], [[172, 4, 10, 32], [9, 44, 24, 33], [1, 35, 22, 17], [325, 177, 75, 634]], "5_P2&P3"]], "Pramod_Sush_Tanay": [[0.20244759181817695, ["CARRY TOGETHER", "DROP", "LIFT", "NULL"], [[148, 22, 6, 10], [34, 58, 2, 5], [14, 16, 5, 28], [834, 894, 9, 463]], "11_P1&P2"], [0.36506844219610174, ["CARRY TOGETHER", "DROP", "LIFT", "NULL"], [[152, 1, 5, 62], [5, 9, 21, 27], [0, 0, 10, 28], [195, 396, 30, 853]], "4_P1&P2"], [0.451684294078618, ["CARRY TOGETHER", "DROP", "LIFT", "NULL"], [[94, 4, 3, 67], [10, 25, 14, 13], [1, 0, 12, 9], [172, 105, 35, 1137]], "15_P1&P2"], [0.3224466140997289, ["CARRY TOGETHER", "DROP", "LIFT", "NULL"], [[98, 5, 1, 23], [14, 22, 0, 10], [2, 0, 8, 16], [312, 443, 28, 614]], "4_P1&P3"], [0.3814906922850687, ["CARRY TOGETHER", "DROP", "LIFT", "NULL"], [[146, 9, 1, 38], [7, 16, 5, 22], [0, 22, 8, 12], [242, 210, 34, 829]], "15_P1&P3"], [0.34542845930700217, ["CARRY TOGETHER", "DROP", "LIFT", "NULL"], [[173, 7, 0, 25], [3, 39, 11, 12], [4, 20, 1, 15], [207, 428, 53, 654]], "4_P2&P3"], [0.486990718857953, ["CARRY TOGETHER", "DROP", "LIFT", "NULL"], [[212, 24, 10, 84], [11, 57, 0, 24], [10, 23, 1, 22], [113, 47, 39, 819]], "15_P2&P3"]], "Tushara_Vinay_Viny": [[0.20192527641372737, ["CARRY TOGETHER", "DROP", "LIFT", "NULL"], [[181, 21, 0, 34], [22, 92, 6, 12], [14, 94, 6, 13], [908, 667, 32, 338]], "9_P1&P2"], [0.3297874767719171, ["CARRY TOGETHER", "DROP", "LIFT", "NULL"], [[136, 4, 0, 27], [17, 54, 3, 29], [3, 11, 23, 55], [591, 661, 48, 1126]], "3_P1&P2"], [0.3288573460635136, ["CARRY TOGETHER", "DROP", "LIFT", "NULL"], [[177, 21, 6, 77], [17, 76, 25, 22], [15, 17, 4, 52], [373, 282, 89, 628]], "2_P1&P2"], [0.28226815926144455, ["CARRY TOGETHER", "DROP", "LIFT", "NULL"], [[92, 14, 0, 28], [4, 60, 0, 7], [0, 15, 12, 13], [793, 573, 14, 521]], "9_P1&P3"], [0.40618513543410373, ["CARRY TOGETHER", "DROP", "LIFT", "NULL"], [[192, 11, 9, 50], [39, 42, 4, 25], [6, 8, 15, 61], [315, 194, 46, 983]], "2_P1&P3"], [0.226585878848717, ["CARRY TOGETHER", "DROP", "LIFT", "NULL"], [[54, 24, 0, 96], [4, 23, 13, 21], [13, 30, 0, 14], [426, 359, 21, 881]], "14_P1&P3"], [0.34076218110275075, ["CARRY TOGETHER", "DROP", "LIFT", "NULL"], [[262, 14, 4, 27], [7, 76, 7, 13], [2, 59, 11, 11], [537, 534, 15, 607]], "9_P2&P3"], [0.26891911200686985, ["CARRY TOGETHER", "DROP", "LIFT", "NULL"], [[128, 0, 0, 6], [8, 12, 4, 20], [7, 0, 2, 14], [478, 330, 30, 677]], "2_P2&P3"]], "features": ["<P1><minmax>Right_Wrist|Charge", "<P2><minmax>Right_Wrist|Charge"], "Ding_Xu_Yang": [[0.23670935064220502, ["CARRY TOGETHER", "DROP", "LIFT", "NULL"], [[163, 3, 1, 2], [6, 6, 0, 7], [8, 18, 7, 6], [528, 357, 32, 270]], "10_P1&P2"], [0.13473961032466883, ["CARRY TOGETHER", "DROP", "LIFT", "NULL"], [[44, 9, 0, 0], [0, 0, 0, 0], [0, 0, 0, 0], [812, 508, 30, 535]], "8_P1&P2"], [0.19050608120138832, ["CARRY TOGETHER", "DROP", "LIFT", "NULL"], [[71, 3, 0, 46], [6, 25, 5, 21], [5, 29, 0, 9], [493, 1169, 60, 969]], "13_P1&P2"], [0.2808079036266726, ["CARRY TOGETHER", "DROP", "LIFT", "NULL"], [[269, 20, 1, 17], [17, 115, 12, 1], [2, 31, 7, 8], [1027, 616, 37, 593]], "7_P1&P3"], [0.23015097311212498, ["CARRY TOGETHER", "DROP", "LIFT", "NULL"], [[129, 28, 3, 9], [0, 5, 0, 0], [0, 0, 1, 5], [550, 532, 58, 763]], "8_P1&P3"], [0.347743411559201, ["CARRY TOGETHER", "DROP", "LIFT", "NULL"], [[34, 1, 4, 23], [3, 10, 0, 7], [0, 0, 5, 5], [224, 46, 21, 332]], "13_P1&P3"], [0.2734831046122208, ["CARRY TOGETHER", "DROP", "LIFT", "NULL"], [[215, 31, 7, 35], [13, 19, 2, 9], [0, 73, 8, 3], [636, 393, 22, 601]], "8_P2&P3"], [0.44238280659764406, ["CARRY TOGETHER", "DROP", "LIFT", "NULL"], [[134, 2, 11, 3], [9, 0, 0, 6], [3, 0, 7, 5], [125, 62, 9, 419]], "13_P2&P3"]]}