{"Chen_Maxin_Yujia": [[0.7346263088298791, ["CARRY TOGETHER", "NULL"], [[102, 54], [128, 1445]], "16_P1&P2"], [0.6843033164853142, ["CARRY TOGETHER", "NULL"], [[162, 35], [340, 1788]], "1_P1&P2"], [0.6909090269273538, ["CARRY TOGETHER", "NULL"], [[94, 27], [193, 1283]], "5_P1&P2"], [0.7662457665150306, ["CARRY TOGETHER", "NULL"], [[173, 24], [195, 1261]], "16_P1&P3"], [0.8303693390774403, ["CARRY TOGETHER", "NULL"], [[267, 44], [166, 1737]], "1_P1&P3"], [0.7391719926957316, ["CARRY TOGETHER", "NULL"], [[114, 29], [159, 1254]], "5_P1&P3"], [0.7153026921954688, ["CARRY TOGETHER", "NULL"], [[185, 64], [250, 1266]], "16_P2&P3"], [0.6829550008148346, ["CARRY TOGETHER", "NULL"], [[160, 51], [308, 1524]], "1_P2&P3"], [0.8015479248568551, ["CARRY TOGETHER", "NULL"], [[190, 22], [163, 1239]], "5_P2&P3"]], "Pramod_Sush_Tanay": [[0.693806291706258, ["CARRY TOGETHER", "NULL"], [[156, 24], [331, 2037]], "11_P1&P2"], [0.7225664153036944, ["CARRY TOGETHER", "NULL"], [[201, 16], [304, 1273]], "4_P1&P2"], [0.6347520280766354, ["CARRY TOGETHER", "NULL"], [[155, 13], [405, 1128]], "15_P1&P2"], [0.6679940564635959, ["CARRY TOGETHER", "NULL"], [[110, 16], [264, 1206]], "4_P1&P3"], [0.6718634341011608, ["CARRY TOGETHER", "NULL"], [[174, 18], [345, 1064]], "15_P1&P3"], [0.7449436467500385, ["CARRY TOGETHER", "NULL"], [[145, 59], [161, 1287]], "4_P2&P3"], [0.7225222907865457, ["CARRY TOGETHER", "NULL"], [[275, 47], [302, 872]], "15_P2&P3"]], "Tushara_Vinay_Viny": [[0.7341009151418149, ["CARRY TOGETHER", "NULL"], [[181, 46], [261, 1952]], "9_P1&P2"], [0.7072865733291337, ["CARRY TOGETHER", "NULL"], [[143, 21], [292, 2332]], "3_P1&P2"], [0.6792221973999686, ["CARRY TOGETHER", "NULL"], [[104, 29], [246, 1767]], "9_P1&P3"], [0.7327347336357063, ["CARRY TOGETHER", "NULL"], [[176, 85], [202, 1537]], "2_P1&P3"], [0.8273519372744027, ["CARRY TOGETHER", "NULL"], [[143, 29], [99, 1708]], "14_P1&P3"], [0.8414383701373179, ["CARRY TOGETHER", "NULL"], [[267, 35], [157, 1727]], "9_P2&P3"]], "features": ["<P1><norm>Right_Wrist|acc", "<P2><norm>Right_Wrist|acc", "<P1><norm>Left_Calf|acc", "<P2><norm>Left_Calf|acc"], "Ding_Xu_Yang": [[0.8223618090452262, ["CARRY TOGETHER", "NULL"], [[154, 11], [121, 1128]], "10_P1&P2"], [0.5840035686842364, ["CARRY TOGETHER", "NULL"], [[53, 0], [307, 1578]], "8_P1&P2"], [0.6636792764243744, ["CARRY TOGETHER", "NULL"], [[91, 27], [267, 2526]], "13_P1&P2"], [0.7902859585035678, ["CARRY TOGETHER", "NULL"], [[273, 28], [273, 2199]], "7_P1&P3"], [0.7695144368665945, ["CARRY TOGETHER", "NULL"], [[162, 7], [210, 1704]], "8_P1&P3"], [0.6587567793074677, ["CARRY TOGETHER", "NULL"], [[56, 5], [138, 516]], "13_P1&P3"], [0.7222368190400625, ["CARRY TOGETHER", "NULL"], [[199, 82], [253, 1533]], "8_P2&P3"], [0.8321840698001689, ["CARRY TOGETHER", "NULL"], [[139, 9], [87, 560]], "13_P2&P3"]]}