{"Chen_Maxin_Yujia": [[0.7227951760271758, ["CARRY TOGETHER", "NULL"], [[92, 64], [117, 1456]], "16_P1&P2"], [0.6668810059657772, ["CARRY TOGETHER", "NULL"], [[139, 58], [315, 1813]], "1_P1&P2"], [0.627113327781636, ["CARRY TOGETHER", "NULL"], [[59, 62], [171, 1305]], "5_P1&P2"], [0.698313345393438, ["CARRY TOGETHER", "NULL"], [[170, 27], [291, 1165]], "16_P1&P3"], [0.7432830767430878, ["CARRY TOGETHER", "NULL"], [[184, 53], [236, 1820]], "6_P1&P3"], [0.7245571862348178, ["CARRY TOGETHER", "NULL"], [[213, 98], [256, 1647]], "1_P1&P3"], [0.691745133841729, ["CARRY TOGETHER", "NULL"], [[114, 29], [220, 1193]], "5_P1&P3"], [0.680346793906723, ["CARRY TOGETHER", "NULL"], [[170, 79], [279, 1237]], "16_P2&P3"], [0.6063319765198782, ["CARRY TOGETHER", "NULL"], [[119, 92], [359, 1473]], "1_P2&P3"], [0.7486126272296885, ["CARRY TOGETHER", "NULL"], [[166, 46], [189, 1213]], "5_P2&P3"]], "Pramod_Sush_Tanay": [[0.5536539005005555, ["CARRY TOGETHER", "NULL"], [[144, 36], [688, 1680]], "11_P1&P2"], [0.6934245334943097, ["CARRY TOGETHER", "NULL"], [[148, 69], [239, 1338]], "4_P1&P2"], [0.744547512777571, ["CARRY TOGETHER", "NULL"], [[135, 33], [178, 1355]], "15_P1&P2"], [0.6706613461339164, ["CARRY TOGETHER", "NULL"], [[82, 44], [181, 1289]], "4_P1&P3"], [0.7174917385864159, ["CARRY TOGETHER", "NULL"], [[152, 40], [224, 1185]], "15_P1&P3"], [0.7520538422649141, ["CARRY TOGETHER", "NULL"], [[162, 42], [186, 1262]], "4_P2&P3"], [0.7647785688784805, ["CARRY TOGETHER", "NULL"], [[228, 94], [161, 1013]], "15_P2&P3"]], "Tushara_Vinay_Viny": [[0.5926813596751153, ["CARRY TOGETHER", "NULL"], [[188, 39], [630, 1583]], "9_P1&P2"], [0.6779557865109012, ["CARRY TOGETHER", "NULL"], [[149, 15], [372, 2252]], "3_P1&P2"], [0.6801093643198907, ["CARRY TOGETHER", "NULL"], [[210, 67], [349, 1255]], "2_P1&P2"], [0.5453239769219878, ["CARRY TOGETHER", "NULL"], [[106, 27], [570, 1443]], "9_P1&P3"], [0.6668717948717948, ["CARRY TOGETHER", "NULL"], [[172, 89], [317, 1422]], "2_P1&P3"], [0.6019762906358199, ["CARRY TOGETHER", "NULL"], [[88, 84], [297, 1510]], "14_P1&P3"], [0.7043044358136274, ["CARRY TOGETHER", "NULL"], [[275, 27], [432, 1452]], "9_P2&P3"], [0.6233356606905955, ["CARRY TOGETHER", "NULL"], [[121, 13], [374, 1208]], "2_P2&P3"]], "features": ["<P1><minmax>Right_Wrist|Charge", "<P1><norm>Right_Wrist|acc", "<P2><minmax>Right_Wrist|Charge", "<P2><norm>Right_Wrist|acc"], "Ding_Xu_Yang": [[0.643157560036817, ["CARRY TOGETHER", "NULL"], [[163, 2], [375, 874]], "10_P1&P2"], [0.49979087956403495, ["CARRY TOGETHER", "NULL"], [[49, 4], [515, 1370]], "8_P1&P2"], [0.6178683933873137, ["CARRY TOGETHER", "NULL"], [[77, 41], [314, 2479]], "13_P1&P2"], [0.6865398514348254, ["CARRY TOGETHER", "NULL"], [[264, 37], [504, 1968]], "7_P1&P3"], [0.6737186679837222, ["CARRY TOGETHER", "NULL"], [[137, 32], [311, 1603]], "8_P1&P3"], [0.5893003273322422, ["CARRY TOGETHER", "NULL"], [[31, 30], [116, 538]], "13_P1&P3"], [0.6131669335733027, ["CARRY TOGETHER", "NULL"], [[194, 87], [482, 1304]], "8_P2&P3"], [0.8428705882352941, ["CARRY TOGETHER", "NULL"], [[128, 20], [64, 583]], "13_P2&P3"]]}