{"Chen_Maxin_Yujia": [[0.33252372350818454, ["CARRY TOGETHER", "DROP", "LIFT", "NULL"], [[134, 0, 7, 20], [0, 14, 37, 8], [0, 1, 0, 3], [386, 89, 79, 951]], "16_P1&P2"], [0.3053697046853284, ["CARRY TOGETHER", "DROP", "LIFT", "NULL"], [[134, 0, 2, 63], [5, 26, 3, 10], [0, 16, 5, 10], [408, 413, 106, 1124]], "1_P1&P2"], [0.31154737597765236, ["CARRY TOGETHER", "DROP", "LIFT", "NULL"], [[111, 0, 0, 16], [7, 19, 18, 37], [5, 10, 7, 12], [469, 119, 67, 700]], "5_P1&P2"], [0.4562491841937154, ["CARRY TOGETHER", "DROP", "LIFT", "NULL"], [[180, 0, 1, 24], [6, 26, 17, 25], [0, 14, 38, 10], [437, 151, 28, 696]], "16_P1&P3"], [0.33020612894643275, ["CARRY TOGETHER", "DROP", "LIFT", "NULL"], [[234, 10, 2, 69], [12, 14, 10, 21], [1, 6, 14, 26], [412, 400, 108, 875]], "1_P1&P3"], [0.34032072215332, ["CARRY TOGETHER", "DROP", "LIFT", "NULL"], [[114, 0, 0, 32], [4, 23, 12, 20], [4, 7, 5, 7], [294, 203, 71, 760]], "5_P1&P3"], [0.30444019103746917, ["CARRY TOGETHER", "DROP", "LIFT", "NULL"], [[185, 45, 3, 18], [2, 12, 2, 19], [0, 11, 3, 4], [510, 131, 73, 747]], "16_P2&P3"], [0.29640193968769935, ["CARRY TOGETHER", "DROP", "LIFT", "NULL"], [[169, 4, 2, 39], [5, 14, 11, 25], [0, 14, 3, 13], [433, 359, 63, 889]], "1_P2&P3"], [0.3903917049206993, ["CARRY TOGETHER", "DROP", "LIFT", "NULL"], [[198, 0, 10, 10], [12, 41, 20, 37], [3, 29, 25, 18], [411, 175, 68, 557]], "5_P2&P3"]], "Pramod_Sush_Tanay": [[0.25345883070083364, ["CARRY TOGETHER", "DROP", "LIFT", "NULL"], [[162, 2, 1, 21], [25, 26, 27, 21], [11, 26, 16, 10], [554, 683, 205, 758]], "11_P1&P2"], [0.27131369586551946, ["CARRY TOGETHER", "DROP", "LIFT", "NULL"], [[208, 0, 1, 11], [6, 21, 20, 15], [1, 0, 23, 14], [539, 458, 135, 342]], "4_P1&P2"], [0.30102568830337173, ["CARRY TOGETHER", "DROP", "LIFT", "NULL"], [[159, 0, 2, 7], [7, 24, 22, 9], [1, 4, 12, 5], [667, 178, 76, 528]], "15_P1&P2"], [0.22128441140656924, ["CARRY TOGETHER", "DROP", "LIFT", "NULL"], [[116, 3, 3, 5], [15, 13, 3, 15], [6, 8, 9, 3], [419, 555, 97, 326]], "4_P1&P3"], [0.26619605224271065, ["CARRY TOGETHER", "DROP", "LIFT", "NULL"], [[184, 0, 0, 10], [12, 16, 8, 14], [4, 25, 5, 8], [520, 270, 78, 447]], "15_P1&P3"], [0.2826505752149231, ["CARRY TOGETHER", "DROP", "LIFT", "NULL"], [[155, 17, 14, 19], [5, 47, 6, 7], [0, 26, 3, 11], [270, 557, 90, 425]], "4_P2&P3"], [0.3776815496151512, ["CARRY TOGETHER", "DROP", "LIFT", "NULL"], [[287, 15, 9, 19], [10, 42, 22, 18], [6, 26, 16, 8], [492, 125, 44, 357]], "15_P2&P3"]], "Tushara_Vinay_Viny": [[0.34299484443798867, ["CARRY TOGETHER", "DROP", "LIFT", "NULL"], [[181, 15, 5, 35], [9, 71, 14, 38], [6, 95, 13, 13], [349, 587, 65, 944]], "9_P1&P2"], [0.28743357513655365, ["CARRY TOGETHER", "DROP", "LIFT", "NULL"], [[138, 0, 0, 29], [3, 61, 11, 28], [1, 49, 25, 17], [388, 984, 211, 843]], "3_P1&P2"], [0.34850675544506393, ["CARRY TOGETHER", "DROP", "LIFT", "NULL"], [[116, 6, 0, 12], [0, 31, 14, 26], [0, 27, 1, 12], [256, 296, 104, 1245]], "9_P1&P3"], [0.31389673451077266, ["CARRY TOGETHER", "DROP", "LIFT", "NULL"], [[168, 24, 12, 58], [5, 68, 21, 16], [1, 69, 8, 12], [429, 364, 84, 661]], "2_P1&P3"], [0.3269160399033273, ["CARRY TOGETHER", "DROP", "LIFT", "NULL"], [[142, 1, 9, 22], [5, 36, 2, 18], [1, 25, 21, 10], [421, 447, 105, 714]], "14_P1&P3"], [0.40637066792106735, ["CARRY TOGETHER", "DROP", "LIFT", "NULL"], [[258, 0, 2, 47], [6, 49, 9, 39], [0, 51, 4, 28], [204, 396, 38, 1055]], "9_P2&P3"]], "features": ["<P1><norm>Left_Calf|acc", "<P2><norm>Left_Calf|acc"], "Ding_Xu_Yang": [[0.37644663365477526, ["CARRY TOGETHER", "DROP", "LIFT", "NULL"], [[116, 1, 0, 52], [2, 3, 0, 14], [5, 11, 8, 15], [121, 292, 37, 737]], "10_P1&P2"], [0.19368927751280693, ["CARRY TOGETHER", "DROP", "LIFT", "NULL"], [[43, 0, 0, 10], [0, 0, 0, 0], [0, 0, 0, 0], [516, 395, 94, 880]], "8_P1&P2"], [0.3053523390337749, ["CARRY TOGETHER", "DROP", "LIFT", "NULL"], [[93, 6, 0, 21], [5, 27, 9, 16], [0, 20, 13, 10], [312, 1258, 34, 1087]], "13_P1&P2"], [0.3711812468284137, ["CARRY TOGETHER", "DROP", "LIFT", "NULL"], [[255, 0, 5, 47], [15, 93, 20, 17], [5, 14, 10, 19], [496, 474, 134, 1169]], "7_P1&P3"], [0.3163561954367802, ["CARRY TOGETHER", "DROP", "LIFT", "NULL"], [[112, 0, 0, 57], [0, 5, 0, 0], [1, 0, 5, 0], [273, 374, 97, 1159]], "8_P1&P3"], [0.4365411715943631, ["CARRY TOGETHER", "DROP", "LIFT", "NULL"], [[29, 0, 0, 33], [2, 11, 0, 7], [0, 4, 1, 5], [95, 21, 0, 507]], "13_P1&P3"], [0.3868868237398079, ["CARRY TOGETHER", "DROP", "LIFT", "NULL"], [[113, 7, 0, 168], [6, 8, 7, 22], [0, 23, 36, 25], [136, 269, 96, 1151]], "8_P2&P3"], [0.375115086011534, ["CARRY TOGETHER", "DROP", "LIFT", "NULL"], [[98, 0, 0, 52], [3, 0, 0, 12], [1, 0, 2, 12], [76, 31, 30, 478]], "13_P2&P3"]]}