{"Chen_Maxin_Yujia": [[0.6474054298256009, ["CARRY TOGETHER", "NULL"], [[119, 37], [302, 1271]], "16_P1&P2"], [0.6166824574943557, ["CARRY TOGETHER", "NULL"], [[123, 74], [384, 1744]], "1_P1&P2"], [0.5774169960996041, ["CARRY TOGETHER", "NULL"], [[103, 18], [413, 1063]], "5_P1&P2"], [0.6362797926975997, ["CARRY TOGETHER", "NULL"], [[165, 32], [391, 1065]], "16_P1&P3"], [0.6631948729540997, ["CARRY TOGETHER", "NULL"], [[220, 91], [407, 1496]], "1_P1&P3"], [0.637925706253051, ["CARRY TOGETHER", "NULL"], [[105, 38], [279, 1134]], "5_P1&P3"], [0.6235296742525659, ["CARRY TOGETHER", "NULL"], [[176, 73], [405, 1111]], "16_P2&P3"], [0.6315672815672816, ["CARRY TOGETHER", "NULL"], [[151, 60], [394, 1438]], "1_P2&P3"], [0.6526894060859731, ["CARRY TOGETHER", "NULL"], [[182, 30], [378, 1024]], "5_P2&P3"]], "Pramod_Sush_Tanay": [[0.6187636806960184, ["CARRY TOGETHER", "NULL"], [[155, 25], [515, 1853]], "11_P1&P2"], [0.642904208879005, ["CARRY TOGETHER", "NULL"], [[194, 23], [441, 1136]], "4_P1&P2"], [0.5533831361475497, ["CARRY TOGETHER", "NULL"], [[157, 11], [584, 949]], "15_P1&P2"], [0.6342061923583662, ["CARRY TOGETHER", "NULL"], [[109, 17], [317, 1153]], "4_P1&P3"], [0.6159623481145107, ["CARRY TOGETHER", "NULL"], [[172, 20], [444, 965]], "15_P1&P3"], [0.6975393028024608, ["CARRY TOGETHER", "NULL"], [[131, 73], [197, 1251]], "4_P2&P3"], [0.6187299739984237, ["CARRY TOGETHER", "NULL"], [[264, 58], [461, 713]], "15_P2&P3"]], "Tushara_Vinay_Viny": [[0.6976615694622748, ["CARRY TOGETHER", "NULL"], [[171, 56], [310, 1903]], "9_P1&P2"], [0.6607584668424255, ["CARRY TOGETHER", "NULL"], [[129, 35], [352, 2272]], "3_P1&P2"], [0.695931134844815, ["CARRY TOGETHER", "NULL"], [[108, 25], [230, 1783]], "9_P1&P3"], [0.6003506600660066, ["CARRY TOGETHER", "NULL"], [[136, 125], [371, 1368]], "2_P1&P3"], [0.6464955364479358, ["CARRY TOGETHER", "NULL"], [[128, 44], [331, 1476]], "14_P1&P3"], [0.8031715085129183, ["CARRY TOGETHER", "NULL"], [[249, 53], [189, 1695]], "9_P2&P3"]], "features": ["<P1><norm>Left_Calf|acc", "<P2><norm>Left_Calf|acc"], "Ding_Xu_Yang": [[0.7679923189864788, ["CARRY TOGETHER", "NULL"], [[116, 49], [106, 1143]], "10_P1&P2"], [0.5120592928372307, ["CARRY TOGETHER", "NULL"], [[47, 6], [465, 1420]], "8_P1&P2"], [0.6330056782203695, ["CARRY TOGETHER", "NULL"], [[88, 30], [323, 2470]], "13_P1&P2"], [0.7058018679827177, ["CARRY TOGETHER", "NULL"], [[244, 57], [407, 2065]], "7_P1&P3"], [0.6880576153350457, ["CARRY TOGETHER", "NULL"], [[107, 62], [202, 1712]], "8_P1&P3"], [0.6288798920377867, ["CARRY TOGETHER", "NULL"], [[35, 26], [99, 555]], "13_P1&P3"], [0.6780345578040261, ["CARRY TOGETHER", "NULL"], [[109, 172], [112, 1674]], "8_P2&P3"], [0.7695295891152255, ["CARRY TOGETHER", "NULL"], [[104, 44], [76, 571]], "13_P2&P3"]]}