{"Chen_Maxin_Yujia": [[0.41785190400751043, ["CARRY TOGETHER", "DROP", "LIFT", "NULL"], [[123, 1, 10, 27], [0, 15, 38, 6], [0, 0, 0, 4], [184, 39, 64, 1218]], "16_P1&P2"], [0.4171974449946582, ["CARRY TOGETHER", "DROP", "LIFT", "NULL"], [[160, 0, 10, 29], [3, 13, 25, 3], [2, 4, 20, 5], [355, 121, 77, 1498]], "1_P1&P2"], [0.43611523375750993, ["CARRY TOGETHER", "DROP", "LIFT", "NULL"], [[102, 0, 1, 24], [11, 12, 35, 23], [0, 2, 22, 10], [229, 64, 45, 1017]], "5_P1&P2"], [0.5372262303126517, ["CARRY TOGETHER", "DROP", "LIFT", "NULL"], [[182, 2, 6, 15], [3, 15, 27, 29], [0, 10, 41, 11], [215, 42, 34, 1021]], "16_P1&P3"], [0.4688017317344946, ["CARRY TOGETHER", "DROP", "LIFT", "NULL"], [[277, 4, 7, 27], [10, 7, 23, 17], [8, 1, 26, 12], [192, 178, 79, 1346]], "1_P1&P3"], [0.4426134213959556, ["CARRY TOGETHER", "DROP", "LIFT", "NULL"], [[126, 0, 1, 19], [5, 6, 32, 16], [2, 1, 16, 4], [162, 80, 53, 1033]], "5_P1&P3"], [0.3531973433376762, ["CARRY TOGETHER", "DROP", "LIFT", "NULL"], [[191, 10, 5, 45], [3, 0, 20, 12], [0, 5, 10, 3], [321, 69, 97, 974]], "16_P2&P3"], [0.3755645124845051, ["CARRY TOGETHER", "DROP", "LIFT", "NULL"], [[176, 9, 7, 22], [9, 16, 15, 15], [2, 7, 12, 9], [322, 202, 109, 1111]], "1_P2&P3"], [0.5042621641594538, ["CARRY TOGETHER", "DROP", "LIFT", "NULL"], [[200, 2, 11, 5], [19, 29, 34, 28], [0, 12, 31, 32], [187, 77, 55, 892]], "5_P2&P3"]], "Pramod_Sush_Tanay": [[0.43743104430089785, ["CARRY TOGETHER", "DROP", "LIFT", "NULL"], [[170, 3, 0, 13], [28, 42, 14, 15], [5, 19, 22, 17], [369, 333, 30, 1468]], "11_P1&P2"], [0.45716917365062165, ["CARRY TOGETHER", "DROP", "LIFT", "NULL"], [[207, 0, 4, 9], [8, 19, 17, 18], [2, 0, 27, 9], [359, 197, 38, 880]], "4_P1&P2"], [0.48760159217390786, ["CARRY TOGETHER", "DROP", "LIFT", "NULL"], [[162, 2, 0, 4], [12, 30, 7, 13], [1, 5, 13, 3], [489, 122, 4, 834]], "15_P1&P2"], [0.4662107373203777, ["CARRY TOGETHER", "DROP", "LIFT", "NULL"], [[113, 3, 7, 4], [15, 16, 0, 15], [4, 0, 13, 9], [289, 166, 4, 938]], "4_P1&P3"], [0.4498964997679203, ["CARRY TOGETHER", "DROP", "LIFT", "NULL"], [[187, 0, 0, 7], [17, 18, 0, 15], [5, 17, 12, 8], [394, 103, 8, 810]], "15_P1&P3"], [0.456254321708342, ["CARRY TOGETHER", "DROP", "LIFT", "NULL"], [[159, 18, 8, 20], [5, 39, 10, 11], [0, 17, 13, 10], [190, 179, 52, 921]], "4_P2&P3"], [0.5310204742956175, ["CARRY TOGETHER", "DROP", "LIFT", "NULL"], [[282, 8, 2, 38], [10, 33, 29, 20], [4, 8, 34, 10], [320, 69, 17, 612]], "15_P2&P3"]], "Tushara_Vinay_Viny": [[0.5226398675561706, ["CARRY TOGETHER", "DROP", "LIFT", "NULL"], [[185, 16, 4, 31], [15, 76, 22, 19], [5, 61, 51, 10], [307, 192, 24, 1422]], "9_P1&P2"], [0.46034388487486344, ["CARRY TOGETHER", "DROP", "LIFT", "NULL"], [[153, 0, 0, 14], [6, 65, 5, 27], [1, 29, 32, 30], [332, 306, 80, 1708]], "3_P1&P2"], [0.38621609461561124, ["CARRY TOGETHER", "DROP", "LIFT", "NULL"], [[112, 6, 0, 16], [1, 24, 22, 24], [2, 28, 5, 5], [298, 119, 43, 1441]], "9_P1&P3"], [0.49679910655298454, ["CARRY TOGETHER", "DROP", "LIFT", "NULL"], [[189, 12, 11, 50], [9, 70, 10, 21], [1, 32, 44, 13], [249, 219, 77, 993]], "2_P1&P3"], [0.46383210797424257, ["CARRY TOGETHER", "DROP", "LIFT", "NULL"], [[149, 7, 4, 14], [5, 25, 6, 25], [1, 24, 13, 19], [158, 151, 54, 1324]], "14_P1&P3"], [0.5233777260491126, ["CARRY TOGETHER", "DROP", "LIFT", "NULL"], [[288, 3, 8, 8], [13, 33, 43, 14], [2, 33, 33, 15], [165, 157, 62, 1309]], "9_P2&P3"]], "features": ["<P1><norm>Right_Wrist|acc", "<P2><norm>Right_Wrist|acc", "<P1><norm>Left_Calf|acc", "<P2><norm>Left_Calf|acc"], "Ding_Xu_Yang": [[0.402326512054264, ["CARRY TOGETHER", "DROP", "LIFT", "NULL"], [[148, 0, 5, 16], [1, 5, 0, 13], [7, 17, 6, 9], [170, 145, 33, 839]], "10_P1&P2"], [0.25458985208411905, ["CARRY TOGETHER", "DROP", "LIFT", "NULL"], [[53, 0, 0, 0], [0, 0, 0, 0], [0, 0, 0, 0], [360, 194, 98, 1233]], "8_P1&P2"], [0.3983814074139934, ["CARRY TOGETHER", "DROP", "LIFT", "NULL"], [[93, 6, 2, 19], [6, 32, 10, 9], [2, 32, 6, 3], [268, 215, 27, 2181]], "13_P1&P2"], [0.5116134719459388, ["CARRY TOGETHER", "DROP", "LIFT", "NULL"], [[281, 1, 9, 16], [13, 87, 9, 36], [8, 15, 15, 10], [345, 214, 41, 1673]], "7_P1&P3"], [0.38978920278723783, ["CARRY TOGETHER", "DROP", "LIFT", "NULL"], [[165, 1, 0, 3], [0, 2, 3, 0], [1, 0, 5, 0], [241, 154, 81, 1427]], "8_P1&P3"], [0.47899381975012223, ["CARRY TOGETHER", "DROP", "LIFT", "NULL"], [[57, 0, 0, 5], [0, 10, 0, 10], [0, 3, 0, 7], [126, 1, 7, 489]], "13_P1&P3"], [0.41300105059573555, ["CARRY TOGETHER", "DROP", "LIFT", "NULL"], [[215, 1, 5, 67], [7, 6, 14, 16], [4, 35, 31, 14], [258, 132, 116, 1146]], "8_P2&P3"], [0.5849625142461319, ["CARRY TOGETHER", "DROP", "LIFT", "NULL"], [[136, 0, 0, 14], [7, 2, 0, 6], [1, 0, 10, 4], [73, 28, 7, 507]], "13_P2&P3"]]}