{"Chen_Maxin_Yujia": [[0.44824770838689476, ["CARRY TOGETHER", "DROP", "LIFT", "NULL"], [[102, 5, 19, 35], [0, 24, 27, 8], [0, 0, 0, 4], [147, 30, 87, 1241]], "16_P1&P2"], [0.3990244287533552, ["CARRY TOGETHER", "DROP", "LIFT", "NULL"], [[151, 7, 26, 15], [3, 10, 26, 5], [0, 4, 25, 2], [370, 125, 95, 1461]], "1_P1&P2"], [0.4811149194292285, ["CARRY TOGETHER", "DROP", "LIFT", "NULL"], [[68, 2, 7, 50], [4, 31, 14, 32], [0, 2, 19, 13], [217, 49, 27, 1062]], "5_P1&P2"], [0.43604007798133715, ["CARRY TOGETHER", "DROP", "LIFT", "NULL"], [[176, 4, 18, 7], [6, 28, 21, 19], [3, 29, 18, 12], [342, 94, 27, 849]], "16_P1&P3"], [0.4655243017980667, ["CARRY TOGETHER", "DROP", "LIFT", "NULL"], [[192, 8, 13, 25], [2, 17, 5, 17], [3, 32, 21, 16], [254, 169, 20, 1499]], "6_P1&P3"], [0.5026584733361517, ["CARRY TOGETHER", "DROP", "LIFT", "NULL"], [[230, 23, 9, 53], [14, 21, 9, 13], [0, 1, 39, 7], [256, 250, 44, 1245]], "1_P1&P3"], [0.4955912674209469, ["CARRY TOGETHER", "DROP", "LIFT", "NULL"], [[130, 1, 2, 13], [8, 35, 7, 9], [2, 0, 15, 6], [241, 97, 51, 939]], "5_P1&P3"], [0.3564307734249248, ["CARRY TOGETHER", "DROP", "LIFT", "NULL"], [[167, 18, 17, 49], [4, 1, 21, 9], [0, 5, 13, 0], [273, 58, 127, 1003]], "16_P2&P3"], [0.33578005286417545, ["CARRY TOGETHER", "DROP", "LIFT", "NULL"], [[111, 36, 16, 51], [5, 28, 11, 11], [0, 13, 15, 2], [372, 222, 131, 1019]], "1_P2&P3"], [0.47654740191804984, ["CARRY TOGETHER", "DROP", "LIFT", "NULL"], [[163, 5, 17, 33], [6, 32, 36, 36], [0, 23, 26, 26], [178, 74, 55, 904]], "5_P2&P3"]], "Pramod_Sush_Tanay": [[0.3439384379837136, ["CARRY TOGETHER", "DROP", "LIFT", "NULL"], [[153, 15, 4, 14], [35, 51, 9, 4], [15, 11, 11, 26], [627, 448, 3, 1122]], "11_P1&P2"], [0.4552349695596365, ["CARRY TOGETHER", "DROP", "LIFT", "NULL"], [[147, 1, 12, 60], [6, 10, 21, 25], [0, 0, 28, 10], [204, 176, 33, 1061]], "4_P1&P2"], [0.5858010148997405, ["CARRY TOGETHER", "DROP", "LIFT", "NULL"], [[133, 5, 2, 28], [4, 36, 6, 16], [3, 0, 15, 4], [174, 65, 18, 1192]], "15_P1&P2"], [0.5125531893664774, ["CARRY TOGETHER", "DROP", "LIFT", "NULL"], [[87, 8, 2, 30], [3, 21, 2, 20], [0, 0, 11, 15], [158, 87, 8, 1144]], "4_P1&P3"], [0.478193877724744, ["CARRY TOGETHER", "DROP", "LIFT", "NULL"], [[158, 3, 5, 28], [7, 17, 0, 26], [0, 18, 9, 15], [220, 58, 8, 1029]], "15_P1&P3"], [0.4749043859988017, ["CARRY TOGETHER", "DROP", "LIFT", "NULL"], [[170, 3, 5, 27], [5, 36, 8, 16], [7, 20, 3, 10], [148, 101, 23, 1070]], "4_P2&P3"], [0.5948914993948033, ["CARRY TOGETHER", "DROP", "LIFT", "NULL"], [[229, 9, 9, 83], [14, 38, 9, 31], [16, 2, 21, 17], [109, 22, 12, 875]], "15_P2&P3"]], "Tushara_Vinay_Viny": [[0.4169485991745112, ["CARRY TOGETHER", "DROP", "LIFT", "NULL"], [[199, 12, 1, 24], [18, 80, 19, 15], [8, 72, 39, 8], [600, 326, 25, 994]], "9_P1&P2"], [0.48772239418573476, ["CARRY TOGETHER", "DROP", "LIFT", "NULL"], [[151, 4, 0, 12], [17, 54, 5, 27], [7, 11, 28, 46], [317, 200, 36, 1873]], "3_P1&P2"], [0.46757994427642746, ["CARRY TOGETHER", "DROP", "LIFT", "NULL"], [[185, 25, 57, 14], [8, 65, 38, 29], [12, 24, 35, 17], [283, 112, 59, 918]], "2_P1&P2"], [0.3151392911977005, ["CARRY TOGETHER", "DROP", "LIFT", "NULL"], [[108, 12, 1, 13], [1, 47, 14, 9], [1, 11, 7, 21], [616, 307, 34, 944]], "9_P1&P3"], [0.49427055265500375, ["CARRY TOGETHER", "DROP", "LIFT", "NULL"], [[176, 4, 10, 72], [16, 38, 8, 48], [1, 6, 40, 43], [283, 87, 53, 1115]], "2_P1&P3"], [0.34210304397968755, ["CARRY TOGETHER", "DROP", "LIFT", "NULL"], [[82, 24, 1, 67], [0, 24, 6, 31], [8, 31, 3, 15], [282, 127, 23, 1255]], "14_P1&P3"], [0.4451986424420924, ["CARRY TOGETHER", "DROP", "LIFT", "NULL"], [[267, 13, 11, 16], [5, 46, 43, 9], [3, 44, 27, 9], [369, 262, 32, 1030]], "9_P2&P3"], [0.3133077638908748, ["CARRY TOGETHER", "DROP", "LIFT", "NULL"], [[118, 0, 0, 16], [9, 13, 8, 14], [7, 2, 0, 14], [342, 167, 68, 938]], "2_P2&P3"]], "features": ["<P1><minmax>Right_Wrist|Charge", "<P1><norm>Right_Wrist|acc", "<P2><minmax>Right_Wrist|Charge", "<P2><norm>Right_Wrist|acc"], "Ding_Xu_Yang": [[0.34251069875736145, ["CARRY TOGETHER", "DROP", "LIFT", "NULL"], [[164, 1, 3, 1], [1, 9, 0, 9], [9, 19, 8, 3], [386, 183, 35, 583]], "10_P1&P2"], [0.20059131772510935, ["CARRY TOGETHER", "DROP", "LIFT", "NULL"], [[50, 2, 0, 1], [0, 0, 0, 0], [0, 0, 0, 0], [579, 341, 45, 920]], "8_P1&P2"], [0.3510774918588932, ["CARRY TOGETHER", "DROP", "LIFT", "NULL"], [[80, 1, 3, 36], [6, 30, 5, 16], [6, 28, 4, 5], [277, 302, 50, 2062]], "13_P1&P2"], [0.4527041922598539, ["CARRY TOGETHER", "DROP", "LIFT", "NULL"], [[252, 18, 12, 25], [10, 103, 3, 29], [3, 24, 12, 9], [535, 312, 17, 1409]], "7_P1&P3"], [0.3480971171245108, ["CARRY TOGETHER", "DROP", "LIFT", "NULL"], [[137, 26, 0, 6], [0, 5, 0, 0], [0, 3, 3, 0], [315, 288, 39, 1261]], "8_P1&P3"], [0.4273959196831537, ["CARRY TOGETHER", "DROP", "LIFT", "NULL"], [[29, 0, 5, 28], [1, 9, 0, 10], [0, 0, 4, 6], [128, 13, 21, 461]], "13_P1&P3"], [0.35719250099888544, ["CARRY TOGETHER", "DROP", "LIFT", "NULL"], [[205, 16, 15, 52], [5, 10, 16, 12], [0, 55, 27, 2], [470, 212, 68, 902]], "8_P2&P3"], [0.5094067268568274, ["CARRY TOGETHER", "DROP", "LIFT", "NULL"], [[131, 0, 13, 6], [7, 2, 2, 4], [3, 0, 9, 3], [79, 29, 11, 496]], "13_P2&P3"]]}