{"Chen_Maxin_Yujia": [[0.37608441688499245, ["CARRY TOGETHER", "DROP", "LIFT", "NULL"], [[100, 1, 19, 41], [8, 10, 26, 15], [0, 0, 0, 4], [192, 31, 71, 1211]], "16_P1&P2"], [0.3702884232079059, ["CARRY TOGETHER", "DROP", "LIFT", "NULL"], [[152, 5, 20, 22], [12, 0, 21, 11], [1, 4, 21, 5], [389, 124, 73, 1465]], "1_P1&P2"], [0.45238415958035416, ["CARRY TOGETHER", "DROP", "LIFT", "NULL"], [[82, 0, 6, 39], [15, 20, 23, 23], [4, 0, 19, 11], [195, 70, 31, 1059]], "5_P1&P2"], [0.42600700739452035, ["CARRY TOGETHER", "DROP", "LIFT", "NULL"], [[140, 6, 27, 32], [10, 12, 19, 33], [7, 17, 20, 18], [253, 41, 27, 991]], "16_P1&P3"], [0.4419276391630913, ["CARRY TOGETHER", "DROP", "LIFT", "NULL"], [[165, 0, 24, 49], [9, 4, 3, 25], [33, 2, 20, 17], [189, 101, 14, 1638]], "6_P1&P3"], [0.4606547770667695, ["CARRY TOGETHER", "DROP", "LIFT", "NULL"], [[233, 10, 17, 55], [6, 13, 19, 19], [8, 1, 25, 13], [203, 177, 61, 1354]], "1_P1&P3"], [0.38674025777411725, ["CARRY TOGETHER", "DROP", "LIFT", "NULL"], [[84, 18, 14, 30], [17, 6, 12, 24], [5, 0, 13, 5], [187, 87, 42, 1012]], "5_P1&P3"], [0.33995971273049674, ["CARRY TOGETHER", "DROP", "LIFT", "NULL"], [[164, 17, 26, 44], [13, 0, 9, 13], [0, 2, 9, 7], [281, 60, 114, 1006]], "16_P2&P3"], [0.3414070436308, ["CARRY TOGETHER", "DROP", "LIFT", "NULL"], [[117, 25, 32, 40], [20, 19, 5, 11], [4, 5, 9, 12], [346, 173, 77, 1148]], "1_P2&P3"], [0.4301189981295144, ["CARRY TOGETHER", "DROP", "LIFT", "NULL"], [[151, 11, 32, 24], [5, 15, 34, 56], [0, 15, 20, 40], [132, 66, 84, 929]], "5_P2&P3"]], "Pramod_Sush_Tanay": [[0.3643383763115692, ["CARRY TOGETHER", "DROP", "LIFT", "NULL"], [[134, 15, 8, 29], [31, 44, 8, 16], [15, 5, 16, 27], [583, 299, 28, 1290]], "11_P1&P2"], [0.4191315180293576, ["CARRY TOGETHER", "DROP", "LIFT", "NULL"], [[154, 16, 8, 42], [8, 14, 12, 28], [3, 3, 23, 9], [380, 174, 24, 896]], "4_P1&P2"], [0.40005155925044417, ["CARRY TOGETHER", "DROP", "LIFT", "NULL"], [[125, 18, 0, 25], [6, 30, 3, 23], [8, 1, 12, 1], [514, 107, 36, 792]], "15_P1&P2"], [0.38418724765791135, ["CARRY TOGETHER", "DROP", "LIFT", "NULL"], [[54, 17, 7, 49], [0, 19, 2, 25], [3, 5, 6, 12], [177, 107, 21, 1092]], "4_P1&P3"], [0.38273255769589026, ["CARRY TOGETHER", "DROP", "LIFT", "NULL"], [[133, 19, 16, 26], [12, 14, 1, 23], [2, 22, 10, 8], [313, 117, 20, 865]], "15_P1&P3"], [0.45790152425836683, ["CARRY TOGETHER", "DROP", "LIFT", "NULL"], [[131, 30, 14, 30], [4, 39, 9, 13], [12, 14, 6, 8], [132, 101, 41, 1068]], "4_P2&P3"], [0.4298288676934655, ["CARRY TOGETHER", "DROP", "LIFT", "NULL"], [[217, 22, 12, 79], [19, 11, 15, 47], [9, 13, 24, 10], [279, 61, 21, 657]], "15_P2&P3"]], "Tushara_Vinay_Viny": [[0.4354723213036493, ["CARRY TOGETHER", "DROP", "LIFT", "NULL"], [[168, 9, 19, 40], [15, 57, 24, 36], [27, 35, 42, 23], [476, 186, 31, 1252]], "9_P1&P2"], [0.40375069637289607, ["CARRY TOGETHER", "DROP", "LIFT", "NULL"], [[141, 11, 1, 14], [15, 46, 5, 37], [13, 19, 19, 41], [405, 255, 60, 1706]], "3_P1&P2"], [0.3897788608040764, ["CARRY TOGETHER", "DROP", "LIFT", "NULL"], [[131, 41, 59, 50], [33, 53, 19, 35], [10, 29, 30, 19], [303, 122, 95, 852]], "2_P1&P2"], [0.3352702378061891, ["CARRY TOGETHER", "DROP", "LIFT", "NULL"], [[112, 11, 2, 9], [1, 19, 19, 32], [9, 10, 9, 12], [467, 166, 66, 1202]], "9_P1&P3"], [0.44891290393517214, ["CARRY TOGETHER", "DROP", "LIFT", "NULL"], [[171, 14, 15, 62], [7, 61, 4, 38], [8, 25, 38, 19], [295, 211, 90, 942]], "2_P1&P3"], [0.39817756396146226, ["CARRY TOGETHER", "DROP", "LIFT", "NULL"], [[134, 20, 11, 9], [8, 19, 4, 30], [8, 23, 7, 19], [270, 113, 25, 1279]], "14_P1&P3"], [0.47580854929213373, ["CARRY TOGETHER", "DROP", "LIFT", "NULL"], [[260, 15, 17, 15], [0, 35, 40, 28], [6, 31, 29, 17], [258, 158, 60, 1217]], "9_P2&P3"], [0.3129363635437748, ["CARRY TOGETHER", "DROP", "LIFT", "NULL"], [[67, 1, 5, 61], [2, 10, 19, 13], [4, 10, 2, 7], [209, 112, 140, 1054]], "2_P2&P3"]], "features": ["<P1><norm>Right_Wrist|acc", "<P2><norm>Right_Wrist|acc"], "Ding_Xu_Yang": [[0.3540258112790653, ["CARRY TOGETHER", "DROP", "LIFT", "NULL"], [[151, 2, 5, 11], [1, 5, 0, 13], [17, 7, 7, 8], [257, 153, 67, 710]], "10_P1&P2"], [0.23062036142874764, ["CARRY TOGETHER", "DROP", "LIFT", "NULL"], [[40, 0, 0, 13], [0, 0, 0, 0], [0, 0, 0, 0], [444, 150, 94, 1197]], "8_P1&P2"], [0.3211687781731051, ["CARRY TOGETHER", "DROP", "LIFT", "NULL"], [[63, 5, 7, 45], [8, 28, 6, 15], [13, 26, 2, 2], [439, 150, 75, 2027]], "13_P1&P2"], [0.4190465229060164, ["CARRY TOGETHER", "DROP", "LIFT", "NULL"], [[166, 13, 36, 92], [2, 53, 11, 79], [11, 9, 13, 15], [241, 211, 74, 1747]], "7_P1&P3"], [0.3875573707778356, ["CARRY TOGETHER", "DROP", "LIFT", "NULL"], [[140, 13, 0, 16], [1, 2, 1, 1], [0, 0, 6, 0], [188, 155, 104, 1456]], "8_P1&P3"], [0.3639824916754899, ["CARRY TOGETHER", "DROP", "LIFT", "NULL"], [[28, 0, 0, 34], [0, 11, 0, 9], [0, 4, 0, 6], [144, 17, 20, 442]], "13_P1&P3"], [0.35241766356024695, ["CARRY TOGETHER", "DROP", "LIFT", "NULL"], [[182, 9, 28, 69], [6, 2, 16, 19], [7, 20, 35, 22], [371, 117, 143, 1021]], "8_P2&P3"], [0.49909515469147087, ["CARRY TOGETHER", "DROP", "LIFT", "NULL"], [[137, 0, 5, 8], [1, 4, 6, 4], [0, 0, 12, 3], [144, 30, 22, 419]], "13_P2&P3"]]}