{"Chen_Maxin_Yujia": [[0.6534207517114994, ["CARRY TOGETHER", "NULL"], [[94, 62], [219, 1354]], "16_P1&P2"], [0.6561510972242016, ["CARRY TOGETHER", "NULL"], [[163, 34], [406, 1722]], "1_P1&P2"], [0.6545782263878875, ["CARRY TOGETHER", "NULL"], [[84, 37], [215, 1261]], "5_P1&P2"], [0.6751283188065322, ["CARRY TOGETHER", "NULL"], [[159, 38], [306, 1150]], "16_P1&P3"], [0.7523656988642891, ["CARRY TOGETHER", "NULL"], [[193, 44], [239, 1817]], "6_P1&P3"], [0.7375267740113596, ["CARRY TOGETHER", "NULL"], [[240, 71], [285, 1618]], "1_P1&P3"], [0.6420819305326112, ["CARRY TOGETHER", "NULL"], [[98, 45], [252, 1161]], "5_P1&P3"], [0.6582057452325656, ["CARRY TOGETHER", "NULL"], [[182, 67], [348, 1168]], "16_P2&P3"], [0.6112240256971488, ["CARRY TOGETHER", "NULL"], [[140, 71], [411, 1421]], "1_P2&P3"], [0.7318061229751953, ["CARRY TOGETHER", "NULL"], [[168, 44], [217, 1185]], "5_P2&P3"]], "Pramod_Sush_Tanay": [[0.5440281706401894, ["CARRY TOGETHER", "NULL"], [[138, 42], [702, 1666]], "11_P1&P2"], [0.6020420162239671, ["CARRY TOGETHER", "NULL"], [[166, 51], [464, 1113]], "4_P1&P2"], [0.537100870827286, ["CARRY TOGETHER", "NULL"], [[132, 36], [558, 975]], "15_P1&P2"], [0.5941115405300614, ["CARRY TOGETHER", "NULL"], [[65, 61], [244, 1226]], "4_P1&P3"], [0.6267969083354096, ["CARRY TOGETHER", "NULL"], [[145, 47], [360, 1049]], "15_P1&P3"], [0.701555028589983, ["CARRY TOGETHER", "NULL"], [[160, 44], [257, 1191]], "4_P2&P3"], [0.6405657210005037, ["CARRY TOGETHER", "NULL"], [[231, 91], [367, 807]], "15_P2&P3"]], "Tushara_Vinay_Viny": [[0.586105397408031, ["CARRY TOGETHER", "NULL"], [[193, 34], [664, 1549]], "9_P1&P2"], [0.5980646682320109, ["CARRY TOGETHER", "NULL"], [[151, 13], [604, 2020]], "3_P1&P2"], [0.6168825314781983, ["CARRY TOGETHER", "NULL"], [[207, 70], [479, 1125]], "2_P1&P2"], [0.5672142171795174, ["CARRY TOGETHER", "NULL"], [[114, 19], [534, 1479]], "9_P1&P3"], [0.61280207521161, ["CARRY TOGETHER", "NULL"], [[186, 75], [474, 1265]], "2_P1&P3"], [0.6776306521722173, ["CARRY TOGETHER", "NULL"], [[153, 19], [336, 1471]], "14_P1&P3"], [0.7246746134316588, ["CARRY TOGETHER", "NULL"], [[288, 14], [411, 1473]], "9_P2&P3"], [0.5523001636094538, ["CARRY TOGETHER", "NULL"], [[73, 61], [367, 1215]], "2_P2&P3"]], "features": ["<P1><norm>Right_Wrist|acc", "<P2><norm>Right_Wrist|acc"], "Ding_Xu_Yang": [[0.6447216233212056, ["CARRY TOGETHER", "NULL"], [[149, 16], [342, 907]], "10_P1&P2"], [0.4905075770379133, ["CARRY TOGETHER", "NULL"], [[39, 14], [490, 1395]], "8_P1&P2"], [0.5373859047990308, ["CARRY TOGETHER", "NULL"], [[66, 52], [522, 2271]], "13_P1&P2"], [0.6899640825681662, ["CARRY TOGETHER", "NULL"], [[203, 98], [350, 2122]], "7_P1&P3"], [0.6903045792697832, ["CARRY TOGETHER", "NULL"], [[146, 23], [303, 1611]], "8_P1&P3"], [0.5707915273132664, ["CARRY TOGETHER", "NULL"], [[33, 28], [140, 514]], "13_P1&P3"], [0.6018871287096337, ["CARRY TOGETHER", "NULL"], [[188, 93], [496, 1290]], "8_P2&P3"], [0.7343875288901466, ["CARRY TOGETHER", "NULL"], [[137, 11], [159, 488]], "13_P2&P3"]]}