{"Chen_Maxin_Yujia": [[0.7900202931935532, ["CARRY TOGETHER", "NULL"], [[101, 55], [69, 1504]], "16_P1&P2"], [0.7048816958782855, ["CARRY TOGETHER", "NULL"], [[171, 26], [320, 1808]], "1_P1&P2"], [0.7217563760379596, ["CARRY TOGETHER", "NULL"], [[98, 23], [165, 1311]], "5_P1&P2"], [0.7480313000069839, ["CARRY TOGETHER", "NULL"], [[180, 17], [234, 1222]], "16_P1&P3"], [0.7922504745987408, ["CARRY TOGETHER", "NULL"], [[276, 35], [246, 1657]], "1_P1&P3"], [0.7296196028558117, ["CARRY TOGETHER", "NULL"], [[120, 23], [184, 1229]], "5_P1&P3"], [0.706140576744335, ["CARRY TOGETHER", "NULL"], [[188, 61], [272, 1244]], "16_P2&P3"], [0.6786947534054895, ["CARRY TOGETHER", "NULL"], [[175, 36], [353, 1479]], "1_P2&P3"], [0.7971308293681654, ["CARRY TOGETHER", "NULL"], [[185, 27], [160, 1242]], "5_P2&P3"]], "Pramod_Sush_Tanay": [[0.6806542079269352, ["CARRY TOGETHER", "NULL"], [[168, 12], [392, 1976]], "11_P1&P2"], [0.8445743989603638, ["CARRY TOGETHER", "NULL"], [[187, 30], [106, 1471]], "4_P1&P2"], [0.777056196211029, ["CARRY TOGETHER", "NULL"], [[158, 10], [183, 1350]], "15_P1&P2"], [0.7313461100103453, ["CARRY TOGETHER", "NULL"], [[109, 17], [175, 1295]], "4_P1&P3"], [0.7382055907714206, ["CARRY TOGETHER", "NULL"], [[164, 28], [219, 1190]], "15_P1&P3"], [0.8004272828620655, ["CARRY TOGETHER", "NULL"], [[140, 64], [85, 1363]], "4_P2&P3"], [0.7997712978845055, ["CARRY TOGETHER", "NULL"], [[227, 95], [111, 1063]], "15_P2&P3"]], "Tushara_Vinay_Viny": [[0.7353379054165259, ["CARRY TOGETHER", "NULL"], [[191, 36], [281, 1932]], "9_P1&P2"], [0.7659297383100566, ["CARRY TOGETHER", "NULL"], [[145, 19], [196, 2428]], "3_P1&P2"], [0.650767040660641, ["CARRY TOGETHER", "NULL"], [[103, 30], [295, 1718]], "9_P1&P3"], [0.7737846419069848, ["CARRY TOGETHER", "NULL"], [[164, 97], [114, 1625]], "2_P1&P3"], [0.6914271424788915, ["CARRY TOGETHER", "NULL"], [[84, 88], [124, 1683]], "14_P1&P3"], [0.8596573203397242, ["CARRY TOGETHER", "NULL"], [[276, 26], [143, 1741]], "9_P2&P3"]], "features": ["<P1><minmax>Right_Wrist|Charge", "<P1><norm>Right_Wrist|acc", "<P2><minmax>Right_Wrist|Charge", "<P2><norm>Right_Wrist|acc", "<P1><norm>Left_Calf|acc", "<P2><norm>Left_Calf|acc"], "Ding_Xu_Yang": [[0.7834669785054014, ["CARRY TOGETHER", "NULL"], [[158, 7], [169, 1080]], "10_P1&P2"], [0.5667309362335622, ["CARRY TOGETHER", "NULL"], [[53, 0], [346, 1539]], "8_P1&P2"], [0.7554725174302483, ["CARRY TOGETHER", "NULL"], [[92, 26], [131, 2662]], "13_P1&P2"], [0.7675492328240057, ["CARRY TOGETHER", "NULL"], [[283, 18], [340, 2132]], "7_P1&P3"], [0.7501818322500773, ["CARRY TOGETHER", "NULL"], [[164, 5], [243, 1671]], "8_P1&P3"], [0.6533992601873396, ["CARRY TOGETHER", "NULL"], [[46, 15], [115, 539]], "13_P1&P3"], [0.7169555199657067, ["CARRY TOGETHER", "NULL"], [[220, 61], [307, 1479]], "8_P2&P3"], [0.8813885251065099, ["CARRY TOGETHER", "NULL"], [[137, 11], [52, 595]], "13_P2&P3"]]}