{"Chen_Maxin_Yujia": [[0.43396113319916685, ["CARRY ALONE", "CARRY TOGETHER", "NULL", "WALKING"], [[12, 0, 0, 12], [82, 126, 93, 122], [20, 34, 325, 478], [8, 14, 42, 644]], "16_P2"], [0.5202734316584694, ["CARRY ALONE", "CARRY TOGETHER", "NULL", "WALKING"], [[74, 12, 8, 3], [148, 185, 164, 19], [2, 27, 523, 24], [187, 81, 135, 330]], "16_P3"], [0.512367390534245, ["CARRY ALONE", "CARRY TOGETHER", "NULL", "WALKING"], [[40, 18, 19, 3], [43, 233, 110, 20], [1, 10, 388, 27], [240, 142, 187, 443]], "16_P1"], [0.624402007486931, ["CARRY ALONE", "CARRY TOGETHER", "NULL", "WALKING"], [[99, 4, 14, 6], [93, 206, 151, 17], [0, 20, 1100, 78], [160, 28, 63, 315]], "6_P3"], [0.524095012393272, ["CARRY ALONE", "CARRY TOGETHER", "NULL", "WALKING"], [[10, 13, 0, 2], [39, 266, 94, 27], [1, 17, 1091, 38], [181, 139, 252, 400]], "6_P1"], [0.6225368401534106, ["CARRY ALONE", "CARRY TOGETHER", "NULL", "WALKING"], [[30, 20, 20, 5], [0, 204, 187, 30], [0, 20, 698, 83], [30, 141, 191, 982]], "1_P2"], [0.4571188419774257, ["CARRY ALONE", "CARRY TOGETHER", "NULL", "WALKING"], [[31, 9, 16, 0], [43, 198, 284, 25], [8, 14, 979, 20], [125, 232, 355, 323]], "1_P3"], [0.5510309614442364, ["CARRY ALONE", "CARRY TOGETHER", "NULL", "WALKING"], [[39, 25, 7, 10], [17, 294, 189, 15], [1, 17, 1078, 64], [186, 199, 263, 562]], "1_P1"], [0.6444183196444224, ["CARRY ALONE", "CARRY TOGETHER", "NULL", "WALKING"], [[48, 12, 5, 6], [36, 149, 65, 97], [8, 18, 348, 244], [4, 5, 27, 707]], "5_P2"], [0.5010034959573341, ["CARRY ALONE", "CARRY TOGETHER", "NULL", "WALKING"], [[38, 5, 3, 1], [41, 133, 176, 22], [11, 12, 651, 111], [234, 37, 63, 283]], "5_P3"], [0.5070689995823118, ["CARRY ALONE", "CARRY TOGETHER", "NULL", "WALKING"], [[10, 35, 3, 7], [4, 169, 100, 16], [0, 21, 405, 67], [147, 121, 111, 487]], "5_P1"]], "Pramod_Sush_Tanay": [[0.40520813237171294, ["CARRY ALONE", "CARRY TOGETHER", "NULL", "WALKING"], [[57, 13, 17, 4], [169, 151, 130, 17], [98, 44, 1196, 67], [345, 111, 299, 182]], "11_P2"], [0.3921653832178833, ["CARRY ALONE", "CARRY TOGETHER", "NULL", "WALKING"], [[22, 12, 15, 0], [61, 162, 130, 34], [6, 95, 1285, 66], [290, 183, 424, 216]], "11_P1"], [0.5206513106002931, ["CARRY ALONE", "CARRY TOGETHER", "NULL", "WALKING"], [[15, 3, 0, 10], [216, 130, 62, 79], [1, 31, 1050, 207], [74, 5, 25, 543]], "4_P2"], [0.550544089844412, ["CARRY ALONE", "CARRY TOGETHER", "NULL", "WALKING"], [[30, 2, 11, 36], [115, 109, 93, 20], [9, 52, 984, 88], [29, 39, 117, 438]], "4_P3"], [0.5231107425169491, ["CARRY ALONE", "CARRY TOGETHER", "NULL", "WALKING"], [[46, 3, 2, 40], [136, 62, 19, 197], [2, 45, 1036, 139], [0, 66, 75, 519]], "4_P1"], [0.44837106366787416, ["CARRY ALONE", "CARRY TOGETHER", "NULL", "WALKING"], [[22, 1, 10, 56], [148, 61, 52, 244], [2, 21, 361, 122], [33, 20, 63, 676]], "15_P2"], [0.5021033690983758, ["CARRY ALONE", "CARRY TOGETHER", "NULL", "WALKING"], [[20, 0, 0, 8], [258, 101, 117, 54], [2, 9, 505, 158], [12, 6, 15, 507]], "15_P3"], [0.4613566366746588, ["CARRY ALONE", "CARRY TOGETHER", "NULL", "WALKING"], [[34, 4, 7, 68], [130, 75, 46, 114], [7, 51, 581, 165], [82, 65, 135, 592]], "15_P1"]], "Tushara_Vinay_Viny": [[0.4334149509093781, ["CARRY ALONE", "CARRY TOGETHER", "NULL", "WALKING"], [[37, 25, 20, 3], [142, 156, 94, 194], [4, 27, 1114, 30], [138, 144, 273, 246]], "9_P2"], [0.4575795253392293, ["CARRY ALONE", "CARRY TOGETHER", "NULL", "WALKING"], [[65, 2, 17, 0], [160, 144, 126, 35], [8, 27, 847, 39], [316, 58, 260, 268]], "9_P3"], [0.4067064612812103, ["CARRY ALONE", "CARRY TOGETHER", "NULL", "WALKING"], [[57, 2, 10, 1], [90, 135, 118, 32], [21, 36, 1113, 47], [349, 196, 326, 176]], "9_P1"], [0.521564888402124, ["CARRY ALONE", "CARRY TOGETHER", "NULL", "WALKING"], [[63, 0, 1, 21], [146, 100, 72, 143], [9, 88, 1550, 256], [140, 43, 91, 661]], "3_P2"], [0.5323251899233534, ["CARRY ALONE", "CARRY TOGETHER", "NULL", "WALKING"], [[82, 14, 24, 2], [108, 66, 32, 119], [9, 77, 1967, 208], [91, 107, 110, 502]], "3_P1"], [0.5224145240199372, ["CARRY ALONE", "CARRY TOGETHER", "NULL", "WALKING"], [[49, 11, 3, 33], [82, 141, 155, 37], [0, 17, 937, 104], [75, 33, 204, 256]], "2_P2"], [0.5295223148126237, ["CARRY ALONE", "CARRY TOGETHER", "NULL", "WALKING"], [[44, 6, 4, 26], [127, 151, 109, 14], [4, 30, 718, 150], [151, 56, 180, 618]], "2_P3"], [0.4710385280900429, ["CARRY ALONE", "CARRY TOGETHER", "NULL", "WALKING"], [[21, 11, 3, 0], [126, 90, 78, 255], [4, 49, 738, 213], [33, 54, 93, 698]], "2_P1"], [0.46867525125447973, ["CARRY ALONE", "CARRY TOGETHER", "NULL", "WALKING"], [[81, 0, 0, 25], [75, 14, 80, 158], [1, 51, 780, 91], [190, 42, 183, 666]], "14_P3"], [0.48472547568488783, ["CARRY ALONE", "CARRY TOGETHER", "NULL", "WALKING"], [[122, 3, 33, 7], [112, 94, 134, 187], [13, 18, 873, 82], [242, 115, 136, 400]], "14_P1"]], "features": ["<minmax>Right_Wrist|Charge"], "Ding_Xu_Yang": [[0.4727590726961206, ["CARRY ALONE", "CARRY TOGETHER", "NULL", "WALKING"], [[25, 37, 14, 5], [104, 237, 185, 23], [0, 49, 1087, 45], [162, 391, 223, 570]], "7_P3"], [0.5786342434355571, ["CARRY ALONE", "CARRY TOGETHER", "NULL", "WALKING"], [[80, 0, 2, 10], [164, 218, 127, 52], [4, 33, 1382, 132], [274, 73, 99, 702]], "7_P1"], [0.3518523958360352, ["CARRY ALONE", "CARRY TOGETHER", "NULL", "WALKING"], [[0, 0, 0, 0], [143, 102, 118, 32], [15, 39, 777, 54], [137, 188, 137, 126]], "10_P2"], [0.5387346998186213, ["CARRY ALONE", "CARRY TOGETHER", "NULL", "WALKING"], [[63, 8, 11, 13], [51, 217, 106, 0], [6, 37, 846, 48], [370, 103, 138, 367]], "10_P1"], [0.4679755545549793, ["CARRY ALONE", "CARRY TOGETHER", "NULL", "WALKING"], [[57, 7, 5, 8], [92, 129, 168, 29], [0, 52, 776, 100], [279, 160, 103, 376]], "8_P2"], [0.5712022189946531, ["CARRY ALONE", "CARRY TOGETHER", "NULL", "WALKING"], [[34, 3, 10, 0], [50, 211, 220, 87], [1, 41, 852, 53], [51, 112, 222, 627]], "8_P3"], [0.36526596676183026, ["CARRY ALONE", "CARRY TOGETHER", "NULL", "WALKING"], [[53, 3, 51, 17], [80, 85, 188, 48], [57, 88, 703, 282], [111, 80, 389, 286]], "8_P1"], [0.4837893250062449, ["CARRY ALONE", "CARRY TOGETHER", "NULL", "WALKING"], [[35, 0, 13, 10], [143, 51, 33, 182], [2, 67, 1724, 182], [88, 86, 207, 808]], "13_P2"], [0.49975447591358124, ["CARRY ALONE", "CARRY TOGETHER", "NULL", "WALKING"], [[0, 0, 0, 0], [43, 99, 49, 64], [0, 12, 117, 29], [8, 17, 43, 437]], "13_P3"], [0.5551748803177871, ["CARRY ALONE", "CARRY TOGETHER", "NULL", "WALKING"], [[51, 8, 14, 113], [86, 122, 95, 55], [21, 49, 1635, 126], [43, 118, 134, 697]], "13_P1"]]}