{"Chen_Maxin_Yujia": [[0.3995649038556723, ["CARRY ALONE", "CARRY TOGETHER", "NULL", "WALKING"], [[0, 0, 0, 24], [57, 175, 78, 113], [17, 94, 271, 475], [8, 20, 22, 658]], "16_P2"], [0.6288388856960938, ["CARRY ALONE", "CARRY TOGETHER", "NULL", "WALKING"], [[74, 14, 6, 3], [118, 251, 124, 23], [2, 32, 494, 48], [68, 46, 116, 503]], "16_P3"], [0.6018163768213669, ["CARRY ALONE", "CARRY TOGETHER", "NULL", "WALKING"], [[49, 6, 17, 8], [72, 249, 66, 19], [4, 21, 355, 46], [137, 52, 167, 656]], "16_P1"], [0.7337108365134558, ["CARRY ALONE", "CARRY TOGETHER", "NULL", "WALKING"], [[100, 5, 8, 10], [79, 247, 111, 30], [6, 31, 1071, 90], [30, 11, 47, 478]], "6_P3"], [0.6323503436241793, ["CARRY ALONE", "CARRY TOGETHER", "NULL", "WALKING"], [[23, 0, 0, 2], [61, 289, 50, 26], [3, 25, 1057, 62], [91, 47, 237, 597]], "6_P1"], [0.6172465168053126, ["CARRY ALONE", "CARRY TOGETHER", "NULL", "WALKING"], [[22, 33, 13, 7], [3, 274, 98, 46], [0, 63, 662, 76], [40, 149, 158, 997]], "1_P2"], [0.600033263717652, ["CARRY ALONE", "CARRY TOGETHER", "NULL", "WALKING"], [[33, 0, 22, 1], [49, 244, 209, 48], [3, 26, 956, 36], [40, 36, 337, 622]], "1_P3"], [0.6882733710740297, ["CARRY ALONE", "CARRY TOGETHER", "NULL", "WALKING"], [[51, 10, 10, 10], [28, 372, 87, 28], [1, 29, 1054, 76], [68, 110, 224, 808]], "1_P1"], [0.6058906570365051, ["CARRY ALONE", "CARRY TOGETHER", "NULL", "WALKING"], [[49, 0, 3, 19], [72, 155, 37, 83], [21, 54, 320, 223], [2, 21, 22, 698]], "5_P2"], [0.6962944568381154, ["CARRY ALONE", "CARRY TOGETHER", "NULL", "WALKING"], [[38, 0, 3, 6], [27, 233, 92, 20], [4, 12, 645, 124], [47, 18, 67, 485]], "5_P3"], [0.6333842740399596, ["CARRY ALONE", "CARRY TOGETHER", "NULL", "WALKING"], [[22, 25, 0, 8], [8, 211, 51, 19], [1, 37, 386, 69], [64, 30, 131, 641]], "5_P1"]], "Pramod_Sush_Tanay": [[0.42649426921988925, ["CARRY ALONE", "CARRY TOGETHER", "NULL", "WALKING"], [[61, 12, 17, 1], [118, 231, 98, 20], [82, 176, 1067, 80], [342, 134, 258, 203]], "11_P2"], [0.4065571055677254, ["CARRY ALONE", "CARRY TOGETHER", "NULL", "WALKING"], [[5, 42, 2, 0], [21, 260, 77, 29], [5, 90, 1306, 51], [230, 251, 430, 202]], "11_P1"], [0.5815474892269703, ["CARRY ALONE", "CARRY TOGETHER", "NULL", "WALKING"], [[24, 4, 0, 0], [170, 243, 39, 35], [16, 99, 1013, 161], [83, 16, 39, 509]], "4_P2"], [0.6247173111365342, ["CARRY ALONE", "CARRY TOGETHER", "NULL", "WALKING"], [[39, 2, 13, 25], [90, 141, 95, 11], [7, 32, 1026, 68], [12, 29, 122, 460]], "4_P3"], [0.5990633697901752, ["CARRY ALONE", "CARRY TOGETHER", "NULL", "WALKING"], [[50, 12, 3, 26], [84, 135, 63, 132], [0, 65, 1094, 63], [4, 64, 123, 469]], "4_P1"], [0.44061256277750727, ["CARRY ALONE", "CARRY TOGETHER", "NULL", "WALKING"], [[42, 3, 10, 34], [207, 78, 45, 175], [5, 112, 298, 91], [76, 39, 74, 603]], "15_P2"], [0.5556222397298742, ["CARRY ALONE", "CARRY TOGETHER", "NULL", "WALKING"], [[21, 0, 0, 7], [200, 171, 113, 46], [1, 8, 539, 126], [31, 10, 22, 477]], "15_P3"], [0.5805767025890799, ["CARRY ALONE", "CARRY TOGETHER", "NULL", "WALKING"], [[51, 20, 7, 35], [71, 200, 50, 44], [4, 44, 637, 119], [93, 52, 187, 542]], "15_P1"]], "Tushara_Vinay_Viny": [[0.5779394796699829, ["CARRY ALONE", "CARRY TOGETHER", "NULL", "WALKING"], [[39, 20, 17, 9], [128, 352, 63, 43], [3, 114, 1040, 18], [93, 65, 229, 414]], "9_P2"], [0.5717351526372717, ["CARRY ALONE", "CARRY TOGETHER", "NULL", "WALKING"], [[67, 0, 17, 0], [148, 199, 103, 15], [5, 47, 802, 67], [119, 44, 240, 499]], "9_P3"], [0.41470940248312455, ["CARRY ALONE", "CARRY TOGETHER", "NULL", "WALKING"], [[48, 12, 10, 0], [109, 150, 88, 28], [34, 50, 1102, 31], [413, 138, 306, 190]], "9_P1"], [0.628654332761968, ["CARRY ALONE", "CARRY TOGETHER", "NULL", "WALKING"], [[69, 0, 0, 16], [76, 241, 57, 87], [10, 135, 1528, 230], [92, 39, 119, 685]], "3_P2"], [0.5853929709172612, ["CARRY ALONE", "CARRY TOGETHER", "NULL", "WALKING"], [[79, 22, 19, 2], [46, 198, 22, 59], [21, 108, 1972, 160], [177, 94, 136, 403]], "3_P1"], [0.6292376273744591, ["CARRY ALONE", "CARRY TOGETHER", "NULL", "WALKING"], [[67, 8, 3, 18], [65, 224, 91, 35], [4, 93, 879, 82], [25, 45, 176, 322]], "2_P2"], [0.575459795975435, ["CARRY ALONE", "CARRY TOGETHER", "NULL", "WALKING"], [[51, 1, 11, 17], [87, 191, 104, 19], [5, 44, 735, 118], [120, 36, 231, 618]], "2_P3"], [0.5357211221456046, ["CARRY ALONE", "CARRY TOGETHER", "NULL", "WALKING"], [[21, 7, 7, 0], [98, 241, 61, 149], [7, 117, 771, 109], [62, 89, 127, 600]], "2_P1"], [0.5677360959741505, ["CARRY ALONE", "CARRY TOGETHER", "NULL", "WALKING"], [[94, 0, 0, 12], [89, 51, 80, 107], [5, 19, 794, 105], [103, 12, 187, 779]], "14_P3"], [0.5386650233840515, ["CARRY ALONE", "CARRY TOGETHER", "NULL", "WALKING"], [[123, 7, 31, 4], [162, 220, 117, 28], [13, 39, 875, 59], [336, 58, 153, 346]], "14_P1"]], "features": ["<minmax>Right_Wrist|Charge", "<norm>Right_Wrist|acc"], "Ding_Xu_Yang": [[0.5560209843604019, ["CARRY ALONE", "CARRY TOGETHER", "NULL", "WALKING"], [[38, 16, 13, 14], [83, 280, 153, 33], [7, 39, 1090, 45], [142, 236, 217, 751]], "7_P3"], [0.6442723800276096, ["CARRY ALONE", "CARRY TOGETHER", "NULL", "WALKING"], [[82, 0, 3, 7], [110, 288, 103, 60], [7, 54, 1392, 98], [137, 104, 127, 780]], "7_P1"], [0.4490170256676972, ["CARRY ALONE", "CARRY TOGETHER", "NULL", "WALKING"], [[0, 0, 0, 0], [87, 263, 21, 24], [13, 74, 744, 54], [147, 156, 134, 151]], "10_P2"], [0.6248125431677849, ["CARRY ALONE", "CARRY TOGETHER", "NULL", "WALKING"], [[52, 18, 13, 12], [42, 261, 64, 7], [5, 46, 833, 53], [162, 95, 141, 580]], "10_P1"], [0.5811003967032574, ["CARRY ALONE", "CARRY TOGETHER", "NULL", "WALKING"], [[61, 2, 3, 11], [47, 269, 55, 47], [2, 91, 732, 103], [193, 165, 77, 483]], "8_P2"], [0.6426741101285437, ["CARRY ALONE", "CARRY TOGETHER", "NULL", "WALKING"], [[35, 4, 7, 1], [60, 275, 155, 78], [2, 31, 844, 70], [18, 87, 173, 734]], "8_P3"], [0.4351554040335664, ["CARRY ALONE", "CARRY TOGETHER", "NULL", "WALKING"], [[47, 6, 52, 19], [35, 124, 172, 70], [17, 86, 669, 358], [40, 60, 375, 391]], "8_P1"], [0.5680614490089381, ["CARRY ALONE", "CARRY TOGETHER", "NULL", "WALKING"], [[35, 4, 13, 6], [143, 180, 8, 78], [3, 120, 1752, 100], [118, 59, 226, 786]], "13_P2"], [0.5413402006350121, ["CARRY ALONE", "CARRY TOGETHER", "NULL", "WALKING"], [[0, 0, 0, 0], [52, 129, 43, 31], [1, 6, 124, 27], [7, 34, 34, 430]], "13_P3"], [0.5952164405942629, ["CARRY ALONE", "CARRY TOGETHER", "NULL", "WALKING"], [[38, 28, 10, 110], [73, 144, 94, 47], [20, 23, 1641, 147], [2, 45, 126, 819]], "13_P1"]]}