{"Chen_Maxin_Yujia": [[0.3666258128432765, ["CARRY ALONE", "CARRY TOGETHER", "NULL", "WALKING"], [[0, 1, 0, 23], [120, 146, 89, 68], [118, 124, 266, 349], [57, 42, 56, 553]], "16_P2"], [0.5922971242837354, ["CARRY ALONE", "CARRY TOGETHER", "NULL", "WALKING"], [[70, 16, 2, 9], [131, 255, 92, 38], [14, 67, 424, 71], [58, 53, 128, 494]], "16_P3"], [0.4716881699969019, ["CARRY ALONE", "CARRY TOGETHER", "NULL", "WALKING"], [[38, 2, 12, 28], [163, 149, 42, 52], [17, 52, 304, 53], [109, 49, 274, 580]], "16_P1"], [0.6184728267517201, ["CARRY ALONE", "CARRY TOGETHER", "NULL", "WALKING"], [[71, 4, 8, 40], [145, 185, 83, 54], [3, 77, 1021, 97], [15, 23, 88, 440]], "6_P3"], [0.48355490899310855, ["CARRY ALONE", "CARRY TOGETHER", "NULL", "WALKING"], [[9, 3, 4, 9], [207, 157, 33, 29], [23, 55, 1002, 67], [77, 22, 381, 492]], "6_P1"], [0.507974098895762, ["CARRY ALONE", "CARRY TOGETHER", "NULL", "WALKING"], [[45, 16, 1, 13], [107, 201, 58, 55], [18, 126, 574, 83], [261, 113, 187, 783]], "1_P2"], [0.4722439771560939, ["CARRY ALONE", "CARRY TOGETHER", "NULL", "WALKING"], [[17, 1, 16, 22], [146, 153, 172, 79], [19, 90, 821, 91], [40, 9, 337, 649]], "1_P3"], [0.541245887536728, ["CARRY ALONE", "CARRY TOGETHER", "NULL", "WALKING"], [[36, 13, 17, 15], [159, 266, 56, 34], [15, 57, 993, 95], [136, 55, 374, 645]], "1_P1"], [0.5277182442202334, ["CARRY ALONE", "CARRY TOGETHER", "NULL", "WALKING"], [[51, 0, 5, 15], [131, 96, 47, 73], [16, 55, 364, 183], [43, 38, 49, 613]], "5_P2"], [0.5719065728971193, ["CARRY ALONE", "CARRY TOGETHER", "NULL", "WALKING"], [[25, 0, 3, 19], [90, 154, 111, 17], [5, 18, 601, 161], [25, 14, 111, 467]], "5_P3"], [0.4852638793028974, ["CARRY ALONE", "CARRY TOGETHER", "NULL", "WALKING"], [[32, 13, 0, 10], [60, 129, 68, 32], [18, 86, 326, 63], [116, 22, 249, 479]], "5_P1"]], "Pramod_Sush_Tanay": [[0.3725701178295465, ["CARRY ALONE", "CARRY TOGETHER", "NULL", "WALKING"], [[48, 15, 18, 10], [172, 147, 105, 43], [71, 282, 902, 150], [268, 114, 279, 276]], "11_P2"], [0.4219078343718604, ["CARRY ALONE", "CARRY TOGETHER", "NULL", "WALKING"], [[34, 15, 0, 0], [102, 195, 80, 10], [9, 79, 1336, 28], [377, 94, 469, 173]], "11_P1"], [0.46993825171649645, ["CARRY ALONE", "CARRY TOGETHER", "NULL", "WALKING"], [[14, 8, 3, 3], [96, 265, 107, 19], [33, 147, 997, 112], [171, 57, 177, 242]], "4_P2"], [0.5854984095722806, ["CARRY ALONE", "CARRY TOGETHER", "NULL", "WALKING"], [[37, 4, 35, 3], [13, 155, 159, 10], [1, 28, 1049, 55], [47, 42, 253, 281]], "4_P3"], [0.42699121255338, ["CARRY ALONE", "CARRY TOGETHER", "NULL", "WALKING"], [[49, 32, 10, 0], [28, 194, 170, 22], [1, 66, 1129, 26], [212, 104, 279, 65]], "4_P1"], [0.3511523553955073, ["CARRY ALONE", "CARRY TOGETHER", "NULL", "WALKING"], [[46, 21, 17, 5], [203, 150, 101, 51], [24, 147, 282, 53], [280, 83, 192, 237]], "15_P2"], [0.48321370775175526, ["CARRY ALONE", "CARRY TOGETHER", "NULL", "WALKING"], [[22, 4, 2, 0], [140, 162, 221, 7], [23, 7, 593, 51], [122, 48, 99, 271]], "15_P3"], [0.5211542637298994, ["CARRY ALONE", "CARRY TOGETHER", "NULL", "WALKING"], [[83, 16, 11, 3], [42, 227, 73, 23], [7, 42, 705, 50], [222, 78, 351, 223]], "15_P1"]], "Tushara_Vinay_Viny": [[0.5918239750887531, ["CARRY ALONE", "CARRY TOGETHER", "NULL", "WALKING"], [[36, 4, 19, 26], [115, 370, 92, 9], [4, 157, 970, 44], [71, 58, 186, 486]], "9_P2"], [0.5033476567107464, ["CARRY ALONE", "CARRY TOGETHER", "NULL", "WALKING"], [[56, 2, 13, 13], [207, 128, 98, 32], [3, 55, 726, 137], [90, 53, 223, 536]], "9_P3"], [0.3721484626328036, ["CARRY ALONE", "CARRY TOGETHER", "NULL", "WALKING"], [[39, 22, 7, 2], [178, 84, 86, 27], [47, 68, 1018, 84], [398, 106, 297, 246]], "9_P1"], [0.6028377194627155, ["CARRY ALONE", "CARRY TOGETHER", "NULL", "WALKING"], [[64, 5, 8, 8], [23, 306, 107, 25], [22, 192, 1486, 203], [87, 51, 323, 474]], "3_P2"], [0.4483357734951523, ["CARRY ALONE", "CARRY TOGETHER", "NULL", "WALKING"], [[46, 42, 25, 9], [46, 220, 57, 2], [32, 195, 1972, 62], [356, 83, 236, 135]], "3_P1"], [0.5998365420899066, ["CARRY ALONE", "CARRY TOGETHER", "NULL", "WALKING"], [[74, 5, 7, 10], [48, 225, 102, 40], [15, 169, 746, 128], [36, 54, 152, 326]], "2_P2"], [0.4892813517632223, ["CARRY ALONE", "CARRY TOGETHER", "NULL", "WALKING"], [[38, 7, 27, 8], [62, 175, 144, 20], [9, 61, 730, 102], [98, 85, 394, 428]], "2_P3"], [0.4408771812565012, ["CARRY ALONE", "CARRY TOGETHER", "NULL", "WALKING"], [[16, 10, 9, 0], [75, 326, 105, 43], [11, 158, 784, 51], [265, 101, 274, 238]], "2_P1"], [0.6306949812886281, ["CARRY ALONE", "CARRY TOGETHER", "NULL", "WALKING"], [[91, 11, 1, 3], [54, 149, 101, 23], [11, 30, 778, 104], [92, 23, 293, 673]], "14_P3"], [0.5182853406640308, ["CARRY ALONE", "CARRY TOGETHER", "NULL", "WALKING"], [[101, 24, 29, 11], [157, 242, 98, 30], [13, 87, 821, 65], [293, 63, 194, 343]], "14_P1"]], "features": ["<norm>Right_Wrist|acc"], "Ding_Xu_Yang": [[0.5208188691098123, ["CARRY ALONE", "CARRY TOGETHER", "NULL", "WALKING"], [[46, 7, 13, 15], [53, 224, 189, 83], [8, 70, 1029, 74], [212, 116, 313, 705]], "7_P3"], [0.5673087547976527, ["CARRY ALONE", "CARRY TOGETHER", "NULL", "WALKING"], [[72, 6, 5, 9], [104, 238, 155, 64], [4, 88, 1398, 61], [115, 121, 340, 572]], "7_P1"], [0.4108108889844774, ["CARRY ALONE", "CARRY TOGETHER", "NULL", "WALKING"], [[0, 0, 0, 0], [95, 245, 20, 35], [28, 126, 643, 88], [194, 79, 180, 135]], "10_P2"], [0.5557461796732889, ["CARRY ALONE", "CARRY TOGETHER", "NULL", "WALKING"], [[35, 28, 24, 8], [75, 215, 67, 17], [5, 68, 804, 60], [117, 74, 251, 536]], "10_P1"], [0.4790605018620755, ["CARRY ALONE", "CARRY TOGETHER", "NULL", "WALKING"], [[66, 3, 1, 7], [111, 187, 51, 69], [15, 157, 594, 162], [313, 85, 95, 425]], "8_P2"], [0.509559351179416, ["CARRY ALONE", "CARRY TOGETHER", "NULL", "WALKING"], [[29, 7, 8, 3], [222, 153, 124, 69], [3, 69, 796, 79], [47, 66, 201, 698]], "8_P3"], [0.3879817132932466, ["CARRY ALONE", "CARRY TOGETHER", "NULL", "WALKING"], [[33, 22, 35, 34], [56, 115, 152, 78], [39, 97, 663, 331], [47, 71, 376, 372]], "8_P1"], [0.4271400105880832, ["CARRY ALONE", "CARRY TOGETHER", "NULL", "WALKING"], [[20, 12, 10, 16], [122, 225, 16, 46], [17, 118, 1805, 35], [589, 71, 345, 184]], "13_P2"], [0.4368972787300797, ["CARRY ALONE", "CARRY TOGETHER", "NULL", "WALKING"], [[0, 0, 0, 0], [80, 107, 66, 2], [2, 10, 129, 17], [161, 44, 66, 234]], "13_P3"], [0.6503218630834439, ["CARRY ALONE", "CARRY TOGETHER", "NULL", "WALKING"], [[130, 11, 13, 32], [66, 153, 90, 49], [27, 36, 1649, 119], [69, 37, 264, 622]], "13_P1"]]}