{"Chen_Maxin_Yujia": [[0.5568299472257192, ["CARRY ALONE", "CARRY TOGETHER", "NULL", "WALKING"], [[12, 3, 0, 9], [32, 263, 79, 49], [16, 77, 396, 368], [9, 29, 26, 644]], "16_P2"], [0.7838987876123809, ["CARRY ALONE", "CARRY TOGETHER", "NULL", "WALKING"], [[84, 11, 0, 2], [13, 428, 70, 5], [11, 34, 501, 30], [51, 45, 83, 554]], "16_P3"], [0.7407292360642128, ["CARRY ALONE", "CARRY TOGETHER", "NULL", "WALKING"], [[54, 8, 15, 3], [40, 292, 29, 45], [4, 5, 378, 39], [36, 19, 111, 846]], "16_P1"], [0.846437574373246, ["CARRY ALONE", "CARRY TOGETHER", "NULL", "WALKING"], [[91, 17, 3, 12], [16, 414, 27, 10], [10, 20, 1104, 64], [16, 22, 35, 493]], "6_P3"], [0.7400159950972109, ["CARRY ALONE", "CARRY TOGETHER", "NULL", "WALKING"], [[30, 31, 4, 10], [3, 380, 23, 15], [5, 29, 714, 53], [15, 64, 207, 1058]], "1_P2"], [0.7098414547322209, ["CARRY ALONE", "CARRY TOGETHER", "NULL", "WALKING"], [[26, 11, 7, 12], [27, 424, 66, 33], [6, 25, 937, 53], [8, 23, 275, 729]], "1_P3"], [0.758655382792661, ["CARRY ALONE", "CARRY TOGETHER", "NULL", "WALKING"], [[45, 18, 7, 11], [12, 446, 23, 34], [2, 22, 1040, 96], [42, 62, 152, 954]], "1_P1"], [0.8021491392910678, ["CARRY ALONE", "CARRY TOGETHER", "NULL", "WALKING"], [[54, 4, 1, 12], [19, 285, 9, 34], [0, 39, 402, 177], [0, 4, 20, 719]], "5_P2"], [0.7739153148157737, ["CARRY ALONE", "CARRY TOGETHER", "NULL", "WALKING"], [[40, 5, 1, 1], [22, 308, 19, 23], [12, 21, 656, 96], [29, 7, 55, 526]], "5_P3"], [0.6602355807038378, ["CARRY ALONE", "CARRY TOGETHER", "NULL", "WALKING"], [[27, 24, 0, 4], [22, 236, 20, 11], [10, 17, 389, 77], [76, 39, 106, 645]], "5_P1"]], "Pramod_Sush_Tanay": [[0.6256799220736321, ["CARRY ALONE", "CARRY TOGETHER", "NULL", "WALKING"], [[66, 13, 10, 2], [59, 332, 61, 15], [64, 43, 1195, 103], [169, 44, 222, 502]], "11_P2"], [0.47130612228265467, ["CARRY ALONE", "CARRY TOGETHER", "NULL", "WALKING"], [[15, 29, 5, 0], [25, 327, 33, 2], [11, 71, 1354, 16], [314, 195, 384, 220]], "11_P1"], [0.7011228473982027, ["CARRY ALONE", "CARRY TOGETHER", "NULL", "WALKING"], [[17, 1, 3, 7], [35, 372, 44, 36], [1, 18, 1154, 116], [50, 10, 51, 536]], "4_P2"], [0.7860389288046729, ["CARRY ALONE", "CARRY TOGETHER", "NULL", "WALKING"], [[48, 2, 14, 15], [14, 238, 65, 20], [2, 13, 1064, 54], [3, 5, 136, 479]], "4_P3"], [0.7183933061523815, ["CARRY ALONE", "CARRY TOGETHER", "NULL", "WALKING"], [[55, 27, 2, 7], [29, 322, 23, 40], [4, 32, 1161, 25], [69, 34, 129, 428]], "4_P1"], [0.6288286903752989, ["CARRY ALONE", "CARRY TOGETHER", "NULL", "WALKING"], [[52, 19, 8, 10], [158, 269, 44, 34], [11, 28, 408, 59], [51, 37, 81, 623]], "15_P2"], [0.7395989401838035, ["CARRY ALONE", "CARRY TOGETHER", "NULL", "WALKING"], [[26, 2, 0, 0], [35, 406, 73, 16], [3, 5, 577, 89], [34, 7, 32, 467]], "15_P3"], [0.6735864150502355, ["CARRY ALONE", "CARRY TOGETHER", "NULL", "WALKING"], [[84, 18, 4, 7], [27, 301, 25, 12], [3, 29, 712, 60], [170, 46, 191, 467]], "15_P1"]], "Tushara_Vinay_Viny": [[0.710302863460541, ["CARRY ALONE", "CARRY TOGETHER", "NULL", "WALKING"], [[37, 25, 11, 12], [19, 479, 53, 35], [8, 44, 1106, 17], [33, 47, 198, 523]], "9_P2"], [0.6487615294167561, ["CARRY ALONE", "CARRY TOGETHER", "NULL", "WALKING"], [[74, 6, 2, 2], [167, 233, 58, 7], [9, 14, 840, 58], [86, 22, 182, 612]], "9_P3"], [0.6946351392743408, ["CARRY ALONE", "CARRY TOGETHER", "NULL", "WALKING"], [[52, 15, 0, 3], [35, 279, 41, 20], [8, 67, 1098, 44], [53, 79, 224, 691]], "9_P1"], [0.6998846652226485, ["CARRY ALONE", "CARRY TOGETHER", "NULL", "WALKING"], [[40, 0, 6, 39], [28, 289, 58, 86], [3, 39, 1730, 131], [32, 3, 182, 718]], "3_P2"], [0.8260736032190386, ["CARRY ALONE", "CARRY TOGETHER", "NULL", "WALKING"], [[68, 22, 12, 20], [0, 311, 7, 7], [0, 43, 2103, 115], [7, 22, 120, 661]], "3_P1"], [0.707846839692581, ["CARRY ALONE", "CARRY TOGETHER", "NULL", "WALKING"], [[54, 4, 3, 19], [37, 282, 60, 22], [0, 17, 826, 59], [67, 29, 203, 706]], "2_P3"], [0.7013903746601553, ["CARRY ALONE", "CARRY TOGETHER", "NULL", "WALKING"], [[28, 0, 7, 0], [31, 312, 113, 93], [5, 14, 965, 20], [7, 15, 257, 599]], "2_P1"], [0.6212571362749799, ["CARRY ALONE", "CARRY TOGETHER", "NULL", "WALKING"], [[99, 0, 0, 7], [98, 75, 41, 113], [3, 6, 864, 50], [75, 30, 195, 781]], "14_P3"], [0.7652482148334357, ["CARRY ALONE", "CARRY TOGETHER", "NULL", "WALKING"], [[110, 38, 16, 1], [20, 355, 108, 44], [3, 8, 932, 43], [38, 7, 182, 666]], "14_P1"]], "features": ["<minmax>Right_Wrist|Charge", "<norm>Right_Wrist|acc", "<norm>Left_Calf|acc"], "Ding_Xu_Yang": [[0.6703409153359297, ["CARRY ALONE", "CARRY TOGETHER", "NULL", "WALKING"], [[66, 4, 3, 8], [78, 373, 78, 20], [10, 17, 1115, 39], [96, 196, 190, 864]], "7_P3"], [0.7452327637062128, ["CARRY ALONE", "CARRY TOGETHER", "NULL", "WALKING"], [[87, 2, 2, 1], [67, 431, 37, 26], [13, 25, 1448, 65], [114, 58, 143, 833]], "7_P1"], [0.5828857072314804, ["CARRY ALONE", "CARRY TOGETHER", "NULL", "WALKING"], [[0, 0, 0, 0], [38, 317, 14, 26], [11, 36, 783, 55], [71, 70, 103, 344]], "10_P2"], [0.7250601561665446, ["CARRY ALONE", "CARRY TOGETHER", "NULL", "WALKING"], [[67, 13, 8, 7], [22, 337, 8, 7], [6, 17, 863, 51], [184, 27, 114, 653]], "10_P1"], [0.6783103911501313, ["CARRY ALONE", "CARRY TOGETHER", "NULL", "WALKING"], [[50, 9, 1, 17], [66, 297, 28, 27], [9, 26, 782, 111], [77, 98, 54, 689]], "8_P2"], [0.628266234224734, ["CARRY ALONE", "CARRY TOGETHER", "NULL", "WALKING"], [[39, 0, 4, 4], [154, 289, 65, 60], [10, 25, 859, 53], [20, 77, 183, 732]], "8_P3"], [0.47826215674315914, ["CARRY ALONE", "CARRY TOGETHER", "NULL", "WALKING"], [[46, 9, 51, 18], [7, 203, 136, 55], [40, 96, 694, 300], [37, 79, 384, 366]], "8_P1"], [0.6911011123349824, ["CARRY ALONE", "CARRY TOGETHER", "NULL", "WALKING"], [[35, 9, 0, 14], [45, 275, 15, 74], [5, 39, 1822, 109], [46, 44, 213, 886]], "13_P2"], [0.610011037780778, ["CARRY ALONE", "CARRY TOGETHER", "NULL", "WALKING"], [[0, 0, 0, 0], [37, 181, 19, 18], [2, 12, 121, 23], [24, 12, 23, 446]], "13_P3"], [0.7075201790363954, ["CARRY ALONE", "CARRY TOGETHER", "NULL", "WALKING"], [[54, 38, 3, 91], [13, 276, 45, 24], [5, 53, 1606, 167], [7, 41, 89, 855]], "13_P1"]]}