{"Chen_Maxin_Yujia": [[0.424920854268888, ["CARRY ALONE", "CARRY TOGETHER", "NULL", "WALKING"], [[19, 0, 0, 5], [181, 137, 97, 8], [148, 88, 464, 157], [138, 96, 68, 406]], "16_P2"], [0.587118761370565, ["CARRY ALONE", "CARRY TOGETHER", "NULL", "WALKING"], [[77, 6, 2, 12], [91, 325, 70, 30], [7, 28, 517, 24], [223, 98, 105, 307]], "16_P3"], [0.6303369997731698, ["CARRY ALONE", "CARRY TOGETHER", "NULL", "WALKING"], [[50, 5, 14, 11], [53, 170, 23, 160], [2, 4, 393, 27], [52, 53, 139, 768]], "16_P1"], [0.693688587842786, ["CARRY ALONE", "CARRY TOGETHER", "NULL", "WALKING"], [[40, 14, 2, 67], [61, 343, 17, 46], [0, 22, 1131, 45], [44, 41, 41, 440]], "6_P3"], [0.536276835445328, ["CARRY ALONE", "CARRY TOGETHER", "NULL", "WALKING"], [[39, 25, 5, 6], [144, 140, 35, 102], [9, 16, 741, 35], [63, 99, 324, 858]], "1_P2"], [0.4966357858847322, ["CARRY ALONE", "CARRY TOGETHER", "NULL", "WALKING"], [[6, 6, 5, 39], [97, 208, 77, 168], [0, 25, 923, 73], [63, 51, 298, 623]], "1_P3"], [0.5771069814226872, ["CARRY ALONE", "CARRY TOGETHER", "NULL", "WALKING"], [[26, 14, 7, 34], [66, 235, 20, 194], [3, 14, 1045, 98], [113, 54, 205, 838]], "1_P1"], [0.5387748426995653, ["CARRY ALONE", "CARRY TOGETHER", "NULL", "WALKING"], [[50, 14, 3, 4], [168, 144, 16, 19], [10, 40, 462, 106], [160, 57, 81, 445]], "5_P2"], [0.5434305248707585, ["CARRY ALONE", "CARRY TOGETHER", "NULL", "WALKING"], [[12, 7, 1, 27], [129, 135, 21, 87], [15, 19, 687, 64], [45, 29, 88, 455]], "5_P3"], [0.5641684761633607, ["CARRY ALONE", "CARRY TOGETHER", "NULL", "WALKING"], [[41, 12, 1, 1], [60, 128, 19, 82], [12, 14, 419, 48], [118, 73, 144, 531]], "5_P1"]], "Pramod_Sush_Tanay": [[0.5631069486257037, ["CARRY ALONE", "CARRY TOGETHER", "NULL", "WALKING"], [[52, 8, 8, 23], [118, 229, 58, 62], [39, 15, 1204, 147], [149, 63, 220, 505]], "11_P2"], [0.43307279797458986, ["CARRY ALONE", "CARRY TOGETHER", "NULL", "WALKING"], [[16, 23, 7, 3], [119, 221, 38, 9], [10, 37, 1388, 17], [446, 84, 417, 166]], "11_P1"], [0.5294224457166652, ["CARRY ALONE", "CARRY TOGETHER", "NULL", "WALKING"], [[0, 15, 2, 11], [34, 319, 60, 74], [3, 16, 1199, 71], [174, 66, 128, 279]], "4_P2"], [0.5591631746189081, ["CARRY ALONE", "CARRY TOGETHER", "NULL", "WALKING"], [[23, 19, 25, 12], [41, 201, 74, 21], [0, 18, 1102, 13], [58, 71, 251, 243]], "4_P3"], [0.5019778631542748, ["CARRY ALONE", "CARRY TOGETHER", "NULL", "WALKING"], [[58, 25, 2, 6], [128, 248, 21, 17], [4, 28, 1179, 11], [304, 40, 213, 103]], "4_P1"], [0.5032307569785364, ["CARRY ALONE", "CARRY TOGETHER", "NULL", "WALKING"], [[39, 38, 11, 1], [113, 322, 52, 18], [2, 37, 431, 36], [209, 170, 142, 271]], "15_P2"], [0.5407916066753647, ["CARRY ALONE", "CARRY TOGETHER", "NULL", "WALKING"], [[16, 12, 0, 0], [65, 342, 86, 37], [15, 23, 601, 35], [150, 93, 78, 219]], "15_P3"], [0.5162298333301694, ["CARRY ALONE", "CARRY TOGETHER", "NULL", "WALKING"], [[88, 20, 5, 0], [81, 230, 36, 18], [9, 31, 732, 32], [355, 58, 268, 193]], "15_P1"]], "Tushara_Vinay_Viny": [[0.6105097861375439, ["CARRY ALONE", "CARRY TOGETHER", "NULL", "WALKING"], [[26, 21, 11, 27], [52, 330, 52, 152], [5, 14, 1116, 40], [68, 20, 201, 512]], "9_P2"], [0.5188487683687097, ["CARRY ALONE", "CARRY TOGETHER", "NULL", "WALKING"], [[61, 4, 4, 15], [181, 118, 66, 100], [1, 8, 850, 62], [171, 38, 202, 491]], "9_P3"], [0.6912870233694951, ["CARRY ALONE", "CARRY TOGETHER", "NULL", "WALKING"], [[38, 1, 1, 30], [3, 277, 45, 50], [0, 54, 1082, 81], [63, 35, 235, 714]], "9_P1"], [0.597659730325985, ["CARRY ALONE", "CARRY TOGETHER", "NULL", "WALKING"], [[18, 6, 1, 60], [6, 209, 69, 177], [0, 24, 1783, 96], [16, 26, 289, 604]], "3_P2"], [0.6363805275535834, ["CARRY ALONE", "CARRY TOGETHER", "NULL", "WALKING"], [[24, 17, 14, 67], [22, 257, 12, 34], [0, 32, 2150, 79], [74, 65, 167, 504]], "3_P1"], [0.5542968970955138, ["CARRY ALONE", "CARRY TOGETHER", "NULL", "WALKING"], [[51, 3, 10, 16], [74, 99, 62, 166], [1, 21, 836, 44], [66, 27, 276, 636]], "2_P3"], [0.41972905994092335, ["CARRY ALONE", "CARRY TOGETHER", "NULL", "WALKING"], [[1, 23, 8, 3], [46, 309, 134, 60], [6, 14, 974, 10], [133, 211, 351, 183]], "2_P1"], [0.5688820996863776, ["CARRY ALONE", "CARRY TOGETHER", "NULL", "WALKING"], [[102, 3, 1, 0], [77, 110, 52, 88], [1, 10, 893, 19], [228, 41, 296, 516]], "14_P3"], [0.560717854299359, ["CARRY ALONE", "CARRY TOGETHER", "NULL", "WALKING"], [[53, 81, 22, 9], [12, 366, 114, 35], [1, 14, 953, 18], [127, 201, 240, 325]], "14_P1"]], "features": ["<norm>Left_Calf|acc"], "Ding_Xu_Yang": [[0.546110643485636, ["CARRY ALONE", "CARRY TOGETHER", "NULL", "WALKING"], [[31, 12, 4, 34], [110, 273, 85, 81], [2, 31, 1113, 35], [171, 195, 238, 742]], "7_P3"], [0.5328538220492817, ["CARRY ALONE", "CARRY TOGETHER", "NULL", "WALKING"], [[84, 5, 3, 0], [134, 340, 56, 31], [2, 40, 1496, 13], [266, 348, 221, 313]], "7_P1"], [0.46405317349863234, ["CARRY ALONE", "CARRY TOGETHER", "NULL", "WALKING"], [[0, 0, 0, 0], [109, 117, 8, 161], [10, 33, 761, 81], [108, 47, 88, 345]], "10_P2"], [0.5761045166813821, ["CARRY ALONE", "CARRY TOGETHER", "NULL", "WALKING"], [[46, 25, 10, 14], [95, 223, 9, 47], [1, 14, 895, 27], [309, 69, 139, 461]], "10_P1"], [0.5416393488471183, ["CARRY ALONE", "CARRY TOGETHER", "NULL", "WALKING"], [[50, 7, 0, 20], [135, 165, 24, 94], [14, 26, 770, 118], [278, 58, 54, 528]], "8_P2"], [0.44948934096657095, ["CARRY ALONE", "CARRY TOGETHER", "NULL", "WALKING"], [[27, 5, 0, 15], [142, 70, 58, 298], [1, 26, 883, 37], [133, 113, 172, 594]], "8_P3"], [0.3311508796039313, ["CARRY ALONE", "CARRY TOGETHER", "NULL", "WALKING"], [[41, 25, 50, 8], [45, 196, 147, 13], [73, 228, 761, 68], [106, 245, 436, 79]], "8_P1"], [0.5652438578067297, ["CARRY ALONE", "CARRY TOGETHER", "NULL", "WALKING"], [[32, 0, 2, 24], [69, 211, 18, 111], [2, 28, 1871, 74], [260, 72, 241, 616]], "13_P2"], [0.427195185193294, ["CARRY ALONE", "CARRY TOGETHER", "NULL", "WALKING"], [[0, 0, 0, 0], [66, 29, 17, 143], [1, 4, 128, 25], [53, 14, 32, 406]], "13_P3"], [0.605613115173057, ["CARRY ALONE", "CARRY TOGETHER", "NULL", "WALKING"], [[69, 27, 5, 85], [35, 196, 37, 90], [6, 66, 1632, 127], [161, 69, 110, 652]], "13_P1"]]}