{"Chen_Maxin_Yujia": [[0.4320201440802678, ["CARRY ALONE", "CARRY TOGETHER", "NULL", "WALKING"], [[6, 14, 0, 4], [85, 130, 101, 107], [10, 53, 379, 415], [13, 18, 38, 639]], "16_P2"], [0.5601317029462767, ["CARRY ALONE", "CARRY TOGETHER", "NULL", "WALKING"], [[59, 28, 7, 3], [125, 246, 137, 8], [3, 20, 539, 14], [176, 55, 141, 361]], "16_P3"], [0.5683074678767027, ["CARRY ALONE", "CARRY TOGETHER", "NULL", "WALKING"], [[47, 11, 19, 3], [72, 236, 81, 17], [1, 5, 395, 25], [240, 31, 205, 536]], "16_P1"], [0.6646672453333586, ["CARRY ALONE", "CARRY TOGETHER", "NULL", "WALKING"], [[92, 18, 10, 3], [84, 259, 109, 15], [3, 29, 1125, 41], [117, 31, 91, 327]], "6_P3"], [0.5480849753775817, ["CARRY ALONE", "CARRY TOGETHER", "NULL", "WALKING"], [[11, 13, 0, 1], [75, 261, 72, 18], [0, 15, 1099, 33], [197, 65, 269, 441]], "6_P1"], [0.5704452707077219, ["CARRY ALONE", "CARRY TOGETHER", "NULL", "WALKING"], [[12, 43, 18, 2], [27, 214, 145, 35], [0, 17, 717, 67], [23, 110, 211, 1000]], "1_P2"], [0.5238922688273551, ["CARRY ALONE", "CARRY TOGETHER", "NULL", "WALKING"], [[26, 12, 16, 2], [36, 272, 217, 25], [1, 42, 968, 10], [135, 90, 371, 439]], "1_P3"], [0.5941337538986056, ["CARRY ALONE", "CARRY TOGETHER", "NULL", "WALKING"], [[37, 33, 7, 4], [25, 319, 150, 21], [1, 11, 1080, 68], [179, 86, 277, 668]], "1_P1"], [0.6940431602529021, ["CARRY ALONE", "CARRY TOGETHER", "NULL", "WALKING"], [[36, 19, 5, 11], [18, 210, 42, 77], [0, 22, 381, 215], [0, 10, 32, 701]], "5_P2"], [0.5990884793716793, ["CARRY ALONE", "CARRY TOGETHER", "NULL", "WALKING"], [[37, 5, 3, 2], [18, 200, 125, 29], [8, 17, 681, 79], [164, 19, 77, 357]], "5_P3"], [0.5609616874743284, ["CARRY ALONE", "CARRY TOGETHER", "NULL", "WALKING"], [[32, 17, 2, 4], [20, 175, 77, 17], [2, 18, 413, 60], [145, 101, 139, 481]], "5_P1"]], "Pramod_Sush_Tanay": [[0.4708865384637007, ["CARRY ALONE", "CARRY TOGETHER", "NULL", "WALKING"], [[40, 39, 12, 0], [51, 305, 100, 11], [87, 61, 1193, 64], [321, 117, 294, 205]], "11_P2"], [0.411485354278026, ["CARRY ALONE", "CARRY TOGETHER", "NULL", "WALKING"], [[16, 25, 8, 0], [12, 244, 100, 31], [3, 110, 1271, 68], [196, 290, 424, 203]], "11_P1"], [0.6199984820805003, ["CARRY ALONE", "CARRY TOGETHER", "NULL", "WALKING"], [[16, 2, 0, 10], [93, 258, 70, 66], [0, 43, 1100, 146], [57, 2, 32, 556]], "4_P2"], [0.6413902708071295, ["CARRY ALONE", "CARRY TOGETHER", "NULL", "WALKING"], [[37, 2, 12, 28], [79, 165, 83, 10], [2, 30, 1015, 86], [16, 13, 135, 459]], "4_P3"], [0.6420469062840934, ["CARRY ALONE", "CARRY TOGETHER", "NULL", "WALKING"], [[48, 12, 0, 31], [67, 166, 24, 157], [2, 25, 1063, 132], [7, 20, 89, 544]], "4_P1"], [0.46673907598426756, ["CARRY ALONE", "CARRY TOGETHER", "NULL", "WALKING"], [[14, 4, 9, 62], [140, 103, 46, 216], [4, 35, 376, 91], [22, 13, 98, 659]], "15_P2"], [0.5806265642954307, ["CARRY ALONE", "CARRY TOGETHER", "NULL", "WALKING"], [[19, 0, 0, 9], [207, 192, 96, 35], [0, 7, 544, 123], [6, 1, 24, 509]], "15_P3"], [0.5529160469848602, ["CARRY ALONE", "CARRY TOGETHER", "NULL", "WALKING"], [[50, 11, 6, 46], [110, 156, 34, 65], [9, 35, 618, 142], [89, 50, 161, 574]], "15_P1"]], "Tushara_Vinay_Viny": [[0.553251377209796, ["CARRY ALONE", "CARRY TOGETHER", "NULL", "WALKING"], [[56, 12, 13, 4], [69, 247, 80, 190], [2, 27, 1132, 14], [92, 132, 244, 333]], "9_P2"], [0.5743519488389373, ["CARRY ALONE", "CARRY TOGETHER", "NULL", "WALKING"], [[63, 4, 17, 0], [120, 222, 94, 29], [7, 11, 874, 29], [183, 33, 263, 423]], "9_P3"], [0.48259679791251525, ["CARRY ALONE", "CARRY TOGETHER", "NULL", "WALKING"], [[52, 9, 9, 0], [68, 186, 80, 41], [18, 43, 1111, 45], [274, 162, 310, 301]], "9_P1"], [0.6195702148481987, ["CARRY ALONE", "CARRY TOGETHER", "NULL", "WALKING"], [[53, 0, 2, 30], [68, 171, 67, 155], [2, 67, 1623, 211], [54, 11, 123, 747]], "3_P2"], [0.6620287720172993, ["CARRY ALONE", "CARRY TOGETHER", "NULL", "WALKING"], [[65, 22, 24, 11], [42, 162, 24, 97], [2, 59, 2015, 185], [24, 59, 115, 612]], "3_P1"], [0.5575124615395014, ["CARRY ALONE", "CARRY TOGETHER", "NULL", "WALKING"], [[48, 6, 3, 39], [52, 173, 134, 56], [2, 24, 950, 82], [58, 45, 201, 264]], "2_P2"], [0.5821410903094482, ["CARRY ALONE", "CARRY TOGETHER", "NULL", "WALKING"], [[26, 6, 1, 47], [57, 197, 96, 51], [2, 21, 791, 88], [94, 27, 201, 683]], "2_P3"], [0.5190194352994638, ["CARRY ALONE", "CARRY TOGETHER", "NULL", "WALKING"], [[19, 4, 6, 6], [74, 126, 66, 283], [6, 58, 781, 159], [11, 51, 105, 711]], "2_P1"], [0.506549960310724, ["CARRY ALONE", "CARRY TOGETHER", "NULL", "WALKING"], [[56, 0, 0, 50], [37, 33, 78, 179], [1, 16, 833, 73], [113, 29, 210, 729]], "14_P3"], [0.5785334584162857, ["CARRY ALONE", "CARRY TOGETHER", "NULL", "WALKING"], [[121, 10, 31, 3], [83, 126, 142, 176], [3, 20, 890, 73], [102, 74, 151, 566]], "14_P1"]], "features": ["<minmax>Right_Wrist|Charge"], "Ding_Xu_Yang": [[0.5490081976024475, ["CARRY ALONE", "CARRY TOGETHER", "NULL", "WALKING"], [[36, 29, 12, 4], [54, 331, 148, 16], [0, 46, 1094, 41], [146, 324, 229, 647]], "7_P3"], [0.6682602194332872, ["CARRY ALONE", "CARRY TOGETHER", "NULL", "WALKING"], [[87, 1, 2, 2], [123, 311, 93, 34], [6, 19, 1412, 114], [205, 34, 100, 809]], "7_P1"], [0.41826010929941393, ["CARRY ALONE", "CARRY TOGETHER", "NULL", "WALKING"], [[0, 0, 0, 0], [101, 176, 85, 33], [12, 34, 787, 52], [125, 158, 145, 160]], "10_P2"], [0.5942687512124527, ["CARRY ALONE", "CARRY TOGETHER", "NULL", "WALKING"], [[62, 9, 11, 13], [34, 270, 67, 3], [7, 16, 865, 49], [387, 51, 137, 403]], "10_P1"], [0.5032450407785636, ["CARRY ALONE", "CARRY TOGETHER", "NULL", "WALKING"], [[57, 11, 3, 6], [64, 208, 118, 28], [4, 38, 794, 92], [251, 238, 94, 335]], "8_P2"], [0.5569540740317012, ["CARRY ALONE", "CARRY TOGETHER", "NULL", "WALKING"], [[32, 5, 8, 2], [68, 261, 171, 68], [4, 25, 871, 47], [81, 125, 262, 544]], "8_P3"], [0.38762927742143644, ["CARRY ALONE", "CARRY TOGETHER", "NULL", "WALKING"], [[55, 8, 50, 11], [37, 130, 184, 50], [58, 99, 703, 270], [122, 86, 408, 250]], "8_P1"], [0.5280790052411334, ["CARRY ALONE", "CARRY TOGETHER", "NULL", "WALKING"], [[31, 0, 13, 14], [114, 94, 35, 166], [3, 63, 1745, 164], [68, 55, 224, 842]], "13_P2"], [0.4913949341147047, ["CARRY ALONE", "CARRY TOGETHER", "NULL", "WALKING"], [[0, 0, 0, 0], [37, 96, 40, 82], [0, 7, 124, 27], [25, 44, 34, 402]], "13_P3"], [0.6097538086656192, ["CARRY ALONE", "CARRY TOGETHER", "NULL", "WALKING"], [[49, 72, 13, 52], [57, 197, 82, 22], [23, 21, 1643, 144], [59, 76, 137, 720]], "13_P1"]]}