{"Chen_Maxin_Yujia": [[0.49111965394718304, ["CARRY ALONE", "CARRY TOGETHER", "NULL", "WALKING"], [[8, 0, 0, 16], [34, 212, 86, 91], [10, 93, 328, 426], [10, 4, 32, 662]], "16_P2"], [0.7249531027987747, ["CARRY ALONE", "CARRY TOGETHER", "NULL", "WALKING"], [[81, 12, 3, 1], [41, 368, 101, 6], [7, 26, 501, 42], [58, 40, 120, 515]], "16_P3"], [0.6405975993059482, ["CARRY ALONE", "CARRY TOGETHER", "NULL", "WALKING"], [[57, 3, 17, 3], [75, 243, 58, 30], [6, 26, 359, 35], [115, 11, 155, 731]], "16_P1"], [0.8142193348310568, ["CARRY ALONE", "CARRY TOGETHER", "NULL", "WALKING"], [[104, 5, 9, 5], [23, 360, 73, 11], [15, 37, 1069, 77], [18, 26, 56, 466]], "6_P3"], [0.66090932793484, ["CARRY ALONE", "CARRY TOGETHER", "NULL", "WALKING"], [[21, 0, 0, 4], [39, 333, 42, 12], [5, 37, 1052, 53], [95, 21, 231, 625]], "6_P1"], [0.6759490898780212, ["CARRY ALONE", "CARRY TOGETHER", "NULL", "WALKING"], [[26, 24, 15, 10], [0, 334, 61, 26], [1, 65, 665, 70], [29, 115, 167, 1033]], "1_P2"], [0.647383487087871, ["CARRY ALONE", "CARRY TOGETHER", "NULL", "WALKING"], [[40, 0, 12, 4], [68, 295, 142, 45], [10, 22, 958, 31], [37, 19, 300, 679]], "1_P3"], [0.7344693044379413, ["CARRY ALONE", "CARRY TOGETHER", "NULL", "WALKING"], [[65, 7, 4, 5], [25, 401, 59, 30], [5, 27, 1047, 81], [70, 72, 216, 852]], "1_P1"], [0.7339956296956472, ["CARRY ALONE", "CARRY TOGETHER", "NULL", "WALKING"], [[43, 0, 2, 26], [20, 230, 35, 62], [3, 31, 388, 196], [0, 1, 22, 720]], "5_P2"], [0.7395586983432377, ["CARRY ALONE", "CARRY TOGETHER", "NULL", "WALKING"], [[39, 5, 1, 2], [4, 276, 75, 17], [16, 18, 649, 102], [46, 7, 65, 499]], "5_P3"], [0.6629900677503914, ["CARRY ALONE", "CARRY TOGETHER", "NULL", "WALKING"], [[39, 10, 0, 6], [10, 210, 50, 19], [12, 23, 385, 73], [84, 33, 124, 625]], "5_P1"]], "Pramod_Sush_Tanay": [[0.49186382615188984, ["CARRY ALONE", "CARRY TOGETHER", "NULL", "WALKING"], [[48, 26, 14, 3], [51, 300, 100, 16], [65, 178, 1065, 97], [254, 94, 267, 322]], "11_P2"], [0.4283268868883151, ["CARRY ALONE", "CARRY TOGETHER", "NULL", "WALKING"], [[11, 37, 1, 0], [17, 296, 61, 13], [3, 85, 1298, 66], [225, 278, 409, 201]], "11_P1"], [0.6659356544666855, ["CARRY ALONE", "CARRY TOGETHER", "NULL", "WALKING"], [[21, 3, 0, 4], [52, 363, 41, 31], [2, 91, 1053, 143], [57, 16, 48, 526]], "4_P2"], [0.7488308625209793, ["CARRY ALONE", "CARRY TOGETHER", "NULL", "WALKING"], [[48, 1, 13, 17], [15, 219, 86, 17], [9, 22, 1024, 78], [7, 15, 122, 479]], "4_P3"], [0.6643416261237587, ["CARRY ALONE", "CARRY TOGETHER", "NULL", "WALKING"], [[46, 38, 2, 5], [20, 257, 67, 70], [2, 58, 1119, 43], [58, 50, 116, 436]], "4_P1"], [0.511989086643053, ["CARRY ALONE", "CARRY TOGETHER", "NULL", "WALKING"], [[41, 10, 12, 26], [207, 170, 46, 82], [13, 106, 316, 71], [50, 34, 89, 619]], "15_P2"], [0.6937920786549161, ["CARRY ALONE", "CARRY TOGETHER", "NULL", "WALKING"], [[24, 0, 0, 4], [45, 354, 105, 26], [1, 7, 551, 115], [33, 9, 30, 468]], "15_P3"], [0.6274811325434465, ["CARRY ALONE", "CARRY TOGETHER", "NULL", "WALKING"], [[72, 27, 3, 11], [27, 291, 32, 15], [9, 41, 661, 93], [159, 70, 199, 446]], "15_P1"]], "Tushara_Vinay_Viny": [[0.6984618952000605, ["CARRY ALONE", "CARRY TOGETHER", "NULL", "WALKING"], [[55, 10, 12, 8], [19, 482, 54, 31], [8, 90, 1057, 20], [69, 75, 191, 466]], "9_P2"], [0.6336926218631773, ["CARRY ALONE", "CARRY TOGETHER", "NULL", "WALKING"], [[68, 0, 16, 0], [140, 235, 80, 10], [5, 33, 831, 52], [79, 23, 223, 577]], "9_P3"], [0.5769889652107831, ["CARRY ALONE", "CARRY TOGETHER", "NULL", "WALKING"], [[52, 6, 10, 2], [76, 209, 65, 25], [9, 40, 1116, 52], [134, 113, 299, 501]], "9_P1"], [0.7038683973287874, ["CARRY ALONE", "CARRY TOGETHER", "NULL", "WALKING"], [[54, 5, 5, 21], [33, 337, 53, 38], [5, 114, 1619, 165], [57, 25, 133, 720]], "3_P2"], [0.7715199270683825, ["CARRY ALONE", "CARRY TOGETHER", "NULL", "WALKING"], [[81, 21, 15, 5], [0, 275, 21, 29], [2, 93, 2020, 146], [26, 56, 121, 607]], "3_P1"], [0.5822936768325777, ["CARRY ALONE", "CARRY TOGETHER", "NULL", "WALKING"], [[18, 10, 4, 64], [40, 268, 70, 37], [7, 70, 912, 69], [40, 26, 154, 348]], "2_P2"], [0.6463990942741059, ["CARRY ALONE", "CARRY TOGETHER", "NULL", "WALKING"], [[40, 4, 8, 28], [37, 263, 81, 20], [3, 14, 807, 78], [92, 40, 213, 660]], "2_P3"], [0.660482190102757, ["CARRY ALONE", "CARRY TOGETHER", "NULL", "WALKING"], [[25, 3, 7, 0], [40, 317, 53, 139], [8, 93, 830, 73], [2, 67, 145, 664]], "2_P1"], [0.6053236925930865, ["CARRY ALONE", "CARRY TOGETHER", "NULL", "WALKING"], [[91, 0, 1, 14], [80, 68, 73, 106], [7, 2, 829, 85], [60, 37, 197, 787]], "14_P3"], [0.7238994495608742, ["CARRY ALONE", "CARRY TOGETHER", "NULL", "WALKING"], [[128, 10, 26, 1], [60, 322, 89, 56], [14, 36, 875, 61], [69, 28, 143, 653]], "14_P1"]], "features": ["<minmax>Right_Wrist|Charge", "<norm>Right_Wrist|acc"], "Ding_Xu_Yang": [[0.6167941027800858, ["CARRY ALONE", "CARRY TOGETHER", "NULL", "WALKING"], [[57, 6, 14, 4], [88, 312, 126, 23], [7, 22, 1107, 45], [134, 174, 218, 820]], "7_P3"], [0.7452184567655382, ["CARRY ALONE", "CARRY TOGETHER", "NULL", "WALKING"], [[87, 1, 2, 2], [51, 395, 78, 37], [9, 31, 1417, 94], [99, 43, 135, 871]], "7_P1"], [0.5232583060389066, ["CARRY ALONE", "CARRY TOGETHER", "NULL", "WALKING"], [[0, 0, 0, 0], [21, 325, 27, 22], [12, 64, 758, 51], [81, 118, 146, 243]], "10_P2"], [0.666471091664128, ["CARRY ALONE", "CARRY TOGETHER", "NULL", "WALKING"], [[63, 10, 10, 12], [58, 255, 55, 6], [6, 22, 852, 57], [156, 44, 140, 638]], "10_P1"], [0.6393080922972919, ["CARRY ALONE", "CARRY TOGETHER", "NULL", "WALKING"], [[56, 8, 2, 11], [30, 305, 49, 34], [2, 80, 753, 93], [112, 163, 80, 563]], "8_P2"], [0.7081227311366686, ["CARRY ALONE", "CARRY TOGETHER", "NULL", "WALKING"], [[38, 0, 7, 2], [43, 345, 124, 56], [3, 12, 874, 58], [9, 51, 229, 723]], "8_P3"], [0.47751522868145335, ["CARRY ALONE", "CARRY TOGETHER", "NULL", "WALKING"], [[48, 7, 51, 18], [15, 173, 158, 55], [31, 77, 679, 343], [38, 32, 400, 396]], "8_P1"], [0.6480692446550431, ["CARRY ALONE", "CARRY TOGETHER", "NULL", "WALKING"], [[29, 15, 1, 13], [58, 297, 16, 38], [3, 101, 1779, 92], [72, 56, 237, 824]], "13_P2"], [0.5808598306202141, ["CARRY ALONE", "CARRY TOGETHER", "NULL", "WALKING"], [[0, 0, 0, 0], [46, 169, 31, 9], [0, 6, 130, 22], [36, 25, 41, 403]], "13_P3"], [0.6892256677577653, ["CARRY ALONE", "CARRY TOGETHER", "NULL", "WALKING"], [[81, 33, 8, 64], [58, 192, 74, 34], [13, 27, 1639, 152], [16, 18, 133, 825]], "13_P1"]]}