{"Chen_Maxin_Yujia": [[0.41562682778174925, ["CARRY ALONE", "CARRY TOGETHER", "NULL", "WALKING"], [[2, 0, 0, 22], [65, 215, 97, 46], [108, 114, 288, 347], [75, 17, 74, 542]], "16_P2"], [0.6363632214655695, ["CARRY ALONE", "CARRY TOGETHER", "NULL", "WALKING"], [[60, 28, 4, 5], [65, 329, 101, 21], [17, 60, 441, 58], [57, 49, 124, 503]], "16_P3"], [0.5278601831822496, ["CARRY ALONE", "CARRY TOGETHER", "NULL", "WALKING"], [[46, 0, 10, 24], [145, 174, 34, 53], [20, 40, 325, 41], [122, 16, 244, 630]], "16_P1"], [0.7489326042355604, ["CARRY ALONE", "CARRY TOGETHER", "NULL", "WALKING"], [[97, 3, 3, 20], [66, 323, 66, 12], [12, 64, 1020, 102], [11, 29, 81, 445]], "6_P3"], [0.5194980333066095, ["CARRY ALONE", "CARRY TOGETHER", "NULL", "WALKING"], [[7, 3, 3, 12], [149, 217, 32, 28], [30, 62, 979, 76], [84, 31, 326, 531]], "6_P1"], [0.5810342963290646, ["CARRY ALONE", "CARRY TOGETHER", "NULL", "WALKING"], [[46, 14, 0, 15], [63, 275, 53, 30], [25, 88, 622, 66], [234, 58, 207, 845]], "1_P2"], [0.5785979855372333, ["CARRY ALONE", "CARRY TOGETHER", "NULL", "WALKING"], [[40, 0, 10, 6], [117, 230, 133, 70], [21, 68, 843, 89], [23, 20, 289, 703]], "1_P3"], [0.59757438483163, ["CARRY ALONE", "CARRY TOGETHER", "NULL", "WALKING"], [[54, 12, 6, 9], [116, 305, 45, 49], [11, 48, 994, 107], [156, 49, 296, 709]], "1_P1"], [0.6242897140453532, ["CARRY ALONE", "CARRY TOGETHER", "NULL", "WALKING"], [[50, 1, 6, 14], [55, 201, 38, 53], [27, 58, 356, 177], [44, 9, 60, 630]], "5_P2"], [0.6667563665155117, ["CARRY ALONE", "CARRY TOGETHER", "NULL", "WALKING"], [[37, 0, 1, 9], [41, 232, 84, 15], [23, 48, 583, 131], [20, 13, 95, 489]], "5_P3"], [0.5474519585626311, ["CARRY ALONE", "CARRY TOGETHER", "NULL", "WALKING"], [[37, 9, 1, 8], [38, 166, 45, 40], [30, 54, 335, 74], [119, 16, 214, 517]], "5_P1"]], "Pramod_Sush_Tanay": [[0.4496100256134037, ["CARRY ALONE", "CARRY TOGETHER", "NULL", "WALKING"], [[46, 18, 17, 10], [101, 232, 100, 34], [59, 248, 939, 159], [199, 76, 296, 366]], "11_P2"], [0.445820860034956, ["CARRY ALONE", "CARRY TOGETHER", "NULL", "WALKING"], [[28, 21, 0, 0], [39, 281, 62, 5], [14, 65, 1347, 26], [397, 119, 455, 142]], "11_P1"], [0.5399791243722714, ["CARRY ALONE", "CARRY TOGETHER", "NULL", "WALKING"], [[19, 6, 3, 0], [65, 308, 91, 23], [27, 105, 1061, 96], [105, 68, 175, 299]], "4_P2"], [0.6197570361984124, ["CARRY ALONE", "CARRY TOGETHER", "NULL", "WALKING"], [[34, 9, 31, 5], [2, 207, 117, 11], [10, 22, 1045, 56], [59, 15, 253, 296]], "4_P3"], [0.4179532158135771, ["CARRY ALONE", "CARRY TOGETHER", "NULL", "WALKING"], [[29, 56, 3, 3], [11, 269, 125, 9], [4, 51, 1162, 5], [205, 156, 265, 34]], "4_P1"], [0.4259710321140486, ["CARRY ALONE", "CARRY TOGETHER", "NULL", "WALKING"], [[35, 35, 14, 5], [101, 293, 93, 18], [21, 136, 281, 68], [260, 80, 173, 279]], "15_P2"], [0.5913563933063332, ["CARRY ALONE", "CARRY TOGETHER", "NULL", "WALKING"], [[26, 0, 1, 1], [21, 340, 164, 5], [11, 10, 586, 67], [151, 42, 69, 278]], "15_P3"], [0.5053094342495089, ["CARRY ALONE", "CARRY TOGETHER", "NULL", "WALKING"], [[71, 31, 7, 4], [27, 268, 61, 9], [6, 41, 723, 34], [303, 74, 329, 168]], "15_P1"]], "Tushara_Vinay_Viny": [[0.6151040165517658, ["CARRY ALONE", "CARRY TOGETHER", "NULL", "WALKING"], [[16, 22, 15, 32], [21, 498, 60, 7], [16, 142, 977, 40], [68, 61, 168, 504]], "9_P2"], [0.5804132897696035, ["CARRY ALONE", "CARRY TOGETHER", "NULL", "WALKING"], [[59, 0, 13, 12], [153, 210, 70, 32], [14, 43, 772, 92], [91, 43, 211, 557]], "9_P3"], [0.5241643609562857, ["CARRY ALONE", "CARRY TOGETHER", "NULL", "WALKING"], [[39, 20, 7, 4], [138, 152, 59, 26], [36, 46, 1074, 61], [118, 80, 308, 541]], "9_P1"], [0.5569432635441882, ["CARRY ALONE", "CARRY TOGETHER", "NULL", "WALKING"], [[23, 35, 7, 20], [24, 331, 72, 34], [42, 169, 1536, 156], [85, 65, 275, 510]], "3_P2"], [0.60521313338637, ["CARRY ALONE", "CARRY TOGETHER", "NULL", "WALKING"], [[43, 48, 16, 15], [2, 282, 38, 3], [12, 119, 2040, 90], [122, 73, 239, 376]], "3_P1"], [0.5500479238850893, ["CARRY ALONE", "CARRY TOGETHER", "NULL", "WALKING"], [[20, 19, 2, 55], [30, 272, 73, 40], [26, 80, 837, 115], [64, 27, 162, 315]], "2_P2"], [0.5143893673329497, ["CARRY ALONE", "CARRY TOGETHER", "NULL", "WALKING"], [[26, 22, 24, 8], [45, 240, 96, 20], [15, 43, 753, 91], [143, 96, 317, 449]], "2_P3"], [0.5280778789339489, ["CARRY ALONE", "CARRY TOGETHER", "NULL", "WALKING"], [[9, 16, 10, 0], [37, 385, 89, 38], [15, 118, 823, 48], [101, 74, 287, 416]], "2_P1"], [0.6236632658135006, ["CARRY ALONE", "CARRY TOGETHER", "NULL", "WALKING"], [[88, 15, 1, 2], [85, 145, 72, 25], [14, 4, 811, 94], [82, 55, 275, 669]], "14_P3"], [0.6441571354571365, ["CARRY ALONE", "CARRY TOGETHER", "NULL", "WALKING"], [[78, 39, 25, 23], [98, 355, 59, 15], [16, 72, 839, 59], [101, 36, 174, 582]], "14_P1"]], "features": ["<norm>Right_Wrist|acc"], "Ding_Xu_Yang": [[0.59055920264009, ["CARRY ALONE", "CARRY TOGETHER", "NULL", "WALKING"], [[61, 1, 8, 11], [57, 289, 147, 56], [6, 42, 1060, 73], [208, 75, 303, 760]], "7_P3"], [0.6112978086931715, ["CARRY ALONE", "CARRY TOGETHER", "NULL", "WALKING"], [[52, 18, 4, 18], [36, 369, 114, 42], [12, 67, 1422, 50], [135, 104, 324, 585]], "7_P1"], [0.4916084923370637, ["CARRY ALONE", "CARRY TOGETHER", "NULL", "WALKING"], [[0, 0, 0, 0], [40, 306, 13, 36], [40, 91, 664, 90], [92, 71, 188, 237]], "10_P2"], [0.582885084243842, ["CARRY ALONE", "CARRY TOGETHER", "NULL", "WALKING"], [[29, 30, 17, 19], [65, 235, 61, 13], [10, 43, 831, 53], [108, 62, 225, 583]], "10_P1"], [0.5567693960122739, ["CARRY ALONE", "CARRY TOGETHER", "NULL", "WALKING"], [[60, 2, 1, 14], [89, 223, 52, 54], [12, 119, 662, 135], [182, 86, 102, 548]], "8_P2"], [0.576694148555047, ["CARRY ALONE", "CARRY TOGETHER", "NULL", "WALKING"], [[32, 0, 3, 12], [134, 239, 113, 82], [5, 30, 848, 64], [41, 43, 252, 676]], "8_P3"], [0.4370671506004525, ["CARRY ALONE", "CARRY TOGETHER", "NULL", "WALKING"], [[44, 11, 43, 26], [36, 152, 151, 62], [32, 79, 703, 316], [52, 67, 395, 352]], "8_P1"], [0.5331532974349488, ["CARRY ALONE", "CARRY TOGETHER", "NULL", "WALKING"], [[30, 8, 0, 20], [55, 300, 26, 28], [27, 89, 1813, 46], [393, 68, 338, 390]], "13_P2"], [0.5225294105737888, ["CARRY ALONE", "CARRY TOGETHER", "NULL", "WALKING"], [[0, 0, 0, 0], [39, 172, 42, 2], [4, 8, 133, 13], [143, 31, 63, 268]], "13_P3"], [0.6625214141072824, ["CARRY ALONE", "CARRY TOGETHER", "NULL", "WALKING"], [[119, 15, 6, 46], [53, 171, 87, 47], [18, 58, 1629, 126], [68, 19, 245, 660]], "13_P1"]]}